source,path,sha256,rights_status,decision
repo,assets/arenas/arena01_beast_crucible/arena01_bg_mountains.png,ac13c432168406b0b243b09f092a382ef71a5f55ff093fa2b9d4bd2396d367d0,unknown,reference-only; review before runtime admission
repo,assets/arenas/arena01_beast_crucible/arena01_bg_sky.png,00ffe151a38af94b256e201de551a0c537c6f38f29f8710d6f45d1bce3e13e9f,unknown,reference-only; review before runtime admission
repo,assets/arenas/arena01_beast_crucible/arena01_fg_combat_floor.png,f2cb148b1f25ed72ed4fe5ebdacb500e11d44da767603c02845c9976a00e4766,unknown,reference-only; review before runtime admission
repo,assets/arenas/arena01_beast_crucible/arena01_mg_back_architecture.png,eedd9031fdfb265781a76f0fb26a4da5b5ead57cb9edbac850c8d18de40a922d,unknown,reference-only; review before runtime admission
repo,assets/arenas/arena01_beast_crucible/arena01_mg_crystal_core.png,ae9422a824b1e815f7343b1be6b8a7fdd0f922faa3a52dd9e9144c64deda34d4,unknown,reference-only; review before runtime admission
repo,assets/branches/assault.png,02369e4b32693776c13cb482832d867c06f63af90ccf958718e1546c4e8b3abf,unknown,reference-only; review before runtime admission
repo,assets/branches/dodge.png,97d62eb75938bb00b8d191f66be7d715fdb9c2637b4e7583830a281cb55940a2,unknown,reference-only; review before runtime admission
repo,assets/branches/essence.png,d94c4ebf872fa1f7d54ead722f2208aaf1f717b2bf1105dfb6f4cd04d8ad2e18,unknown,reference-only; review before runtime admission
repo,assets/branches/guardian.png,9719483ecdf1d55d139d86a739a8521d7ebcfa4ba152e2523268a679e2397098,unknown,reference-only; review before runtime admission
repo,assets/branches/healing.png,0272611840674b2387666c7619e12c38441a0b75e607177d1e239725aee19b3f,unknown,reference-only; review before runtime admission
repo,assets/branches/ice.png,3be4f8f5cd96bec50204d5dc40975244ab349e4e69372aae517fed6fc89c019d,unknown,reference-only; review before runtime admission
repo,assets/branches/power.png,4c4f14e96a85f4e742086b0549f5b4e2493f3b9d780f3c40031ee0d2155f7b3e,unknown,reference-only; review before runtime admission
repo,assets/branches/precision.png,9193f6f5622b5318df376ee281bf56df06a6beec4b0583ec4a15cae5370ff77f,unknown,reference-only; review before runtime admission
repo,assets/branches/rage.png,6bb0b132f2e7ee1e071f206d2cc11363636793e38a8500bc09ac75201c3f703c,unknown,reference-only; review before runtime admission
repo,assets/branches/shield.png,9c7d6b4c61c48da99535843702c6b8bf0d053bf327c2d8698e7d02ac4c8a69ea,unknown,reference-only; review before runtime admission
repo,assets/branches/toxin.png,34ac046eb05d22fb9b3ba3fc569e7e54329e83e3af6943d7f5c47998163e8d17,unknown,reference-only; review before runtime admission
repo,assets/branches/wound.png,ffe4a06fe433961464111e205c4d6ffd49f3aa1623f71c3024fb9f2f5e4c9b9d,unknown,reference-only; review before runtime admission
repo,assets/cards/assault_epic.svg,263055cfe972b5760fe31134e83a805416d5b3a1c383a98a6edb5422f0f53762,unknown,reference-only; review before runtime admission
repo,assets/cards/assault_legendary.svg,1f6cdf4861805920f857352ac9e780949d8473637eb7f4316d861ee525a6b151,unknown,reference-only; review before runtime admission
repo,assets/cards/assault_normal.svg,d00fa3890a7fee04ba0c18c1bb391646c018c94938793d0bde9038409d8eee3a,unknown,reference-only; review before runtime admission
repo,assets/cards/dodge_epic.svg,013e5300a0eaed1d13ea1f0ea4a90ebaa308f2322a04a1e0ea560948f9ce77c0,unknown,reference-only; review before runtime admission
repo,assets/cards/dodge_legendary.svg,8dea23ae118309daa79b978ed14cd9548b7315bf94f6cdae18aab3c93cd498c5,unknown,reference-only; review before runtime admission
repo,assets/cards/dodge_normal.svg,5c4a5bf0b516088402ee222a2b9579dd9b1c5c40baefeaf5bcabb9328944f259,unknown,reference-only; review before runtime admission
repo,assets/cards/essence_epic.svg,85b001779b17aac2822c04fb5917384bdd489feabef97cf9df09abdf23150ceb,unknown,reference-only; review before runtime admission
repo,assets/cards/essence_legendary.svg,d6bb64a27856de0b1bbe2e6a475367be61ef5a3b6d1e2b12a6940ae11d7f30f5,unknown,reference-only; review before runtime admission
repo,assets/cards/essence_normal.svg,5e5f13f26007e0a965dbb549d7e1419cd4e45dcad24520d419c84da4c63328e0,unknown,reference-only; review before runtime admission
repo,assets/cards/frames/epica.png,8d513d9e9405a85547d244ef0938de0d5ad59803b8b63bca401d52b5e8166cd5,unknown,reference-only; review before runtime admission
repo,assets/cards/frames/leggendaria.png,936c76da2319d19308206b558d2ee6fa7a744e4e0f1a25ddaf03de30c5177d68,unknown,reference-only; review before runtime admission
repo,assets/cards/frames/normale_1.png,8b8469fb7ac466164ccf91de6eee8a71945045f6b3532b6e8e1ec8e7f44774ca,unknown,reference-only; review before runtime admission
repo,assets/cards/frames/normale_2.png,46de8e151824a1b8d200dfb6a18c15580a84a2540d243ca8eccbcf8b2b7168d2,unknown,reference-only; review before runtime admission
repo,assets/cards/guardian_epic.svg,7b9bb85c1e8019d936d78d471fbf8184ae11fcd62c4ebef64586685d61a537d2,unknown,reference-only; review before runtime admission
repo,assets/cards/guardian_legendary.svg,13b0959a9bb33c5f88fd3f3a7cbffc3e64db6731810d73d6af7ef58d4beb18b5,unknown,reference-only; review before runtime admission
repo,assets/cards/guardian_normal.svg,263089d2d7b8fad7e4a29cc76fed07dd6ec45c3f34b15228bdc599cb3a247687,unknown,reference-only; review before runtime admission
repo,assets/cards/healing_epic.svg,dfb117fe18e3555f8bcb430e00e3b346ede2cf753068600e4c510400ec2bb0e8,unknown,reference-only; review before runtime admission
repo,assets/cards/healing_legendary.svg,7a2513fff0176a3615043694559d0bfb04dae2a2f88fc0c10c34f968fbbb1f79,unknown,reference-only; review before runtime admission
repo,assets/cards/healing_normal.svg,5e5c224e8d651dc9063e04f8f1da4c569faa1b519ea6ed2b3349a2038bd334bb,unknown,reference-only; review before runtime admission
repo,assets/cards/ice_epic.svg,d152c462a4a5fa9c3e26ef0f1d8256c3f99c28a587a09852f4e2ca9a8fa28c07,unknown,reference-only; review before runtime admission
repo,assets/cards/ice_legendary.svg,0992c72a0c8790c1fb32d904e966c99cf29e71800c097f40c793d480d7f0bfb3,unknown,reference-only; review before runtime admission
repo,assets/cards/ice_normal.svg,9a0b6808a1d2dd19f4fdcba9c7db8e8dc888dfcc66158419cbe40588679c34a1,unknown,reference-only; review before runtime admission
repo,assets/cards/legacy_001.svg,9e0203d81043f5f8d7b3fca41935b81f4f678ccc81733a5a3873495151f03014,unknown,reference-only; review before runtime admission
repo,assets/cards/legacy_002.svg,b9ca838b07d74d5d5a31e14d8e91688283ed604f45b7b37df85f2231801eab79,unknown,reference-only; review before runtime admission
repo,assets/cards/legacy_003.svg,f3ea4fb35bed54fcc1ce0cf110ec0ff73617f7a504cf7c4c3fd63f742cca4e84,unknown,reference-only; review before runtime admission
repo,assets/cards/legacy_004.svg,13d048864325919ba176bec5cd73479a9a2ba7319c9b82e99f15798adb6b3e5e,unknown,reference-only; review before runtime admission
repo,assets/cards/legacy_005.svg,2963e308e9c99ad0e53e99abf409a1c79f10b0112b945625ab9afc0da3c629b4,unknown,reference-only; review before runtime admission
repo,assets/cards/legacy_006.svg,bec6e3530ed20a2ef9d16708c94fb9528c0620d735f45da377aa8d853a39add7,unknown,reference-only; review before runtime admission
repo,assets/cards/legacy_007.svg,9e446ccd91fd1581a7a4eb6917ff7522b49d78f2afcd22a6f5c8a15fdf554bd0,unknown,reference-only; review before runtime admission
repo,assets/cards/legacy_008.svg,38f3b7d02a124daee40e87022e80b07e74b8422dbc822858001bdc2c79277c21,unknown,reference-only; review before runtime admission
repo,assets/cards/legacy_009.svg,07627874fda2f0d4bcabb9c2daf7c1a695e6365559585cecd56d6996a2b20b0c,unknown,reference-only; review before runtime admission
repo,assets/cards/legacy_010.svg,a53517bf3609e25deb144c09e04914598579fb93eb6f2829bc96733b023fe216,unknown,reference-only; review before runtime admission
repo,assets/cards/legacy_011.svg,218b4591abfd7ec6148ce69bb3313396674f41751dd4285593f1fb75ca890d38,unknown,reference-only; review before runtime admission
repo,assets/cards/legacy_012.svg,61575c1dfb2b4f5043c328d8f726135c579ca2b68c7492866dd4ba88e8ccdf6f,unknown,reference-only; review before runtime admission
repo,assets/cards/legacy_013.svg,c995526fa43cf62c263c2c2f45f825a90661f540633740742dae8b10bdfd51d0,unknown,reference-only; review before runtime admission
repo,assets/cards/legacy_014.svg,9dbad3b147e7f9a17f7a3325a0a16fa01334da7f24488581608b886952e7a323,unknown,reference-only; review before runtime admission
repo,assets/cards/legacy_015.svg,e209acca7f1cf2dceedd7104e4d7cc12fb55d2c95a916a29520a9dc17ee37fc7,unknown,reference-only; review before runtime admission
repo,assets/cards/legacy_016.svg,98cd5ac1f8d819693e295a0ba97bf796fe31f71b21f69afab3d2ae748a48e271,unknown,reference-only; review before runtime admission
repo,assets/cards/legacy_017.svg,4d2ba7f335b357315cb41034e2ff69b09041b65dcc11bf32a3f7588e08fc0ac5,unknown,reference-only; review before runtime admission
repo,assets/cards/legacy_018.svg,666e9d2a28b7c7d29f21dbcf18c942e1f1b004088b84654b9b25feb9bd8da335,unknown,reference-only; review before runtime admission
repo,assets/cards/legacy_019.svg,1ee05d34cea0eb684e04d28ec2633da83ab4ac86b3b7772fbec3c39992e4155d,unknown,reference-only; review before runtime admission
repo,assets/cards/legacy_020.svg,2ddba750c82686f97aff16eb1f56c36b5e8ca9f1c0bb61c6e5503f17b1f6f21c,unknown,reference-only; review before runtime admission
repo,assets/cards/legacy_021.svg,ae4c860a17dcbe0b978a1521c345c18340754da0efd11802cb1601eea66777f6,unknown,reference-only; review before runtime admission
repo,assets/cards/legacy_022.svg,ddea706a3668b8a3a642c4c509fd97bbeca430af921f49d35ae26d5989c587e1,unknown,reference-only; review before runtime admission
repo,assets/cards/legacy_023.svg,f38c3f75fac316bc8d4b9aa20e8fc8e6583b83440f0c0d7354c4db8e46c25715,unknown,reference-only; review before runtime admission
repo,assets/cards/legacy_024.svg,87277c7c97e9e34982076a0da50c2454e6545ab06cf34c910e557168168eaf47,unknown,reference-only; review before runtime admission
repo,assets/cards/legacy_025.svg,749b0bbf4aace114d9fd7c1789727e64042130546be62a918e1c32b152b6aee0,unknown,reference-only; review before runtime admission
repo,assets/cards/legacy_026.svg,29459b90c675375323b15a261c60047e9466665fab162cd00a0d2b2a04edbcd8,unknown,reference-only; review before runtime admission
repo,assets/cards/legacy_027.svg,9090142f961e0312661fc400e4bc4b3657a3df03e6595e1bd0f7ecae027d5a29,unknown,reference-only; review before runtime admission
repo,assets/cards/legacy_028.svg,a976fc1adfd17d3b1c4178abf4244ee0ff679195da99778f0f9aabd7970bff6a,unknown,reference-only; review before runtime admission
repo,assets/cards/legacy_029.svg,b176ea560ed2d7adec776a0208d75b8a235f202555e601a463cb3256ca39d980,unknown,reference-only; review before runtime admission
repo,assets/cards/legacy_030.svg,96a26447117567fe268d28d71f5159f975b86cbf885a470ccaa6d16dd6fe4607,unknown,reference-only; review before runtime admission
repo,assets/cards/legacy_031.svg,3ed8542c0745644e3099185a592a2c74ec401b8be5fcf45b01e4ed2a27ce900c,unknown,reference-only; review before runtime admission
repo,assets/cards/legacy_032.svg,62ab27831147e535177953c0e854530d4e3f845251adf5aa540ab6db6a42be64,unknown,reference-only; review before runtime admission
repo,assets/cards/legacy_033.svg,722f77d847d3c57a252cf2283f09fd9b10ba21b2eef0129bb32af3eb6f6aeb23,unknown,reference-only; review before runtime admission
repo,assets/cards/legacy_034.svg,dfb93d879cb70d253fbc1d6d789992aaafd0c1043d94626f9953cb189f183f76,unknown,reference-only; review before runtime admission
repo,assets/cards/legacy_035.svg,710f5424c44c83db5a0035c800ef6f64beaab04b7bb17257abc7dfcc2a34a907,unknown,reference-only; review before runtime admission
repo,assets/cards/legacy_036.svg,1b5a2262770943841b1d6c0f101dd723591ed450041042688dbc98390b24672a,unknown,reference-only; review before runtime admission
repo,assets/cards/legacy_037.svg,69df3a2bc9fc388243aa058b4855797cf3afb801771c30d44760a325b246fbbb,unknown,reference-only; review before runtime admission
repo,assets/cards/legacy_038.svg,2731cf62c752eb594ef7cd60fb62f0db61bc958dff11817c3da4fa650509fbb0,unknown,reference-only; review before runtime admission
repo,assets/cards/legacy_039.svg,b7398775cde2a6c2accfe4412e52895e22322ee2da5313211faa1ff5f5e8f723,unknown,reference-only; review before runtime admission
repo,assets/cards/legacy_040.svg,542e1072a554a164edb502a356768c7ec01d7fa843ab1d7705a5e0e8c774533c,unknown,reference-only; review before runtime admission
repo,assets/cards/legacy_041.svg,87ff0ae7142f22280bd02d2b21bc44e6471dfc2ee7c4fc6e23085174629f929b,unknown,reference-only; review before runtime admission
repo,assets/cards/legacy_042.svg,c0ab98a37d0349a253ebf970ed3ca98a7d2ac1954125a8e74fdb003f407ac9e5,unknown,reference-only; review before runtime admission
repo,assets/cards/legacy_043.svg,bfbec199b18889d08aa2e89e9ea8d0617cc4d5e74f898104ffb4c0d44d1d9fc5,unknown,reference-only; review before runtime admission
repo,assets/cards/legacy_044.svg,40b0b1d3deee4c7eaddba5db036688f1bd14e3541b26f1e071709501fe0ec59f,unknown,reference-only; review before runtime admission
repo,assets/cards/legacy_045.svg,1369aa2372b767416e0477c364a0c4be5a1fd906f97114a70331ffa499ab7ad5,unknown,reference-only; review before runtime admission
repo,assets/cards/legacy_046.svg,ef74d72dddbc15a4cf9ca094a3dd627a327736a3d38fb9468df34be85052033e,unknown,reference-only; review before runtime admission
repo,assets/cards/legacy_047.svg,0f947ec4c044d41456cc74df0bcbece17707f286084e9df96b1ec275f2dd0623,unknown,reference-only; review before runtime admission
repo,assets/cards/legacy_048.svg,be8eaf60f4a83fca8b8e0216847e55a0efc2f80220536bd2dddffc52ea11b2ba,unknown,reference-only; review before runtime admission
repo,assets/cards/legacy_049.svg,9f11bdb1524be233a38503b9e909fe7769652ce81e9c5a40a45f1488f41711d9,unknown,reference-only; review before runtime admission
repo,assets/cards/legacy_050.svg,a6f9bbc4124b395b314d2b6ea9a9df1cfed29c09d65d11539007daca6f030ec4,unknown,reference-only; review before runtime admission
repo,assets/cards/legacy_051.svg,44f9b8a9026f37a358acc2e51c1973ba0f68e056da992ee6747cff111422c1e0,unknown,reference-only; review before runtime admission
repo,assets/cards/legacy_052.svg,5d39d074f7d99ba6a97d56e42bb403507d06a810b0aa6d7bc7823f71958ff5ed,unknown,reference-only; review before runtime admission
repo,assets/cards/legacy_053.svg,2d789361336d94fa864a2e7451b4ff4fea31894eca29a13326d66b4a6d364f78,unknown,reference-only; review before runtime admission
repo,assets/cards/legacy_054.svg,36b0954b1b068e3037e08f6f441c18300ad91241e88e1c60b613c7f412ac4e5a,unknown,reference-only; review before runtime admission
repo,assets/cards/legacy_055.svg,0b6decc070a3da902126ce13012f11af32b83079e726bd523f1b91bb905a138a,unknown,reference-only; review before runtime admission
repo,assets/cards/legacy_056.svg,e7831fab82a7f605a0cfcaa341d0a3a722a74e86873b7da44a22eb59b2032dc2,unknown,reference-only; review before runtime admission
repo,assets/cards/legacy_057.svg,75f12ab934925ca0f0277659b0420a0c3113cd7946f799699c7354b4fbe87a2d,unknown,reference-only; review before runtime admission
repo,assets/cards/legacy_058.svg,41859a6f8d0f7dc961df162b37b7f1d41462340ce1eff0d41d03400b58d306f0,unknown,reference-only; review before runtime admission
repo,assets/cards/legacy_059.svg,4e11e060344d26ff4b66e521ed477f65d21b67958ce52c427195174b2a9d90bf,unknown,reference-only; review before runtime admission
repo,assets/cards/legacy_060.svg,4ae585dc9ab7cd50bc4b73be8c4c21c17dc9fa0fea80abfef423e8c8d542f013,unknown,reference-only; review before runtime admission
repo,assets/cards/legacy_061.svg,91e67a9b6058f8014bbaa34ee479802342e9152a2868b376c0a1b9b2273d2003,unknown,reference-only; review before runtime admission
repo,assets/cards/legacy_062.svg,36b62cf13601b14fc75975c512fb8147164d4a92a1008891ae66d32da0a28337,unknown,reference-only; review before runtime admission
repo,assets/cards/legacy_063.svg,f72ef0313e0c2d121a86f18fccb36d4d3f91b873fc100b60cd2eb90b950373e6,unknown,reference-only; review before runtime admission
repo,assets/cards/legacy_064.svg,8b8d0717777b9db5f99f3546a3dc6415c89b96f709fccde67de42f589e0c15dc,unknown,reference-only; review before runtime admission
repo,assets/cards/legacy_065.svg,9a0776a0abd9d6471c19ed0b6b6e676a19f5e1f9e6635b4da044da3d686a16bd,unknown,reference-only; review before runtime admission
repo,assets/cards/legacy_066.svg,05b33ce989a75ce2ec7d9e6723a719d806186473dd1202045f827f785e58a2f8,unknown,reference-only; review before runtime admission
repo,assets/cards/legacy_067.svg,056e42d4f502db1c85d54d024e86a9605204f05f32aad72503f8d8689d98ec00,unknown,reference-only; review before runtime admission
repo,assets/cards/legacy_068.svg,d4d3d451dd49a9faddcb9422eac683260a8d6d8c2ad57116f4339f5490bad85f,unknown,reference-only; review before runtime admission
repo,assets/cards/legacy_069.svg,a7f425674ae87fbd84a09e812992ddd18e5bc50d7c7f21e976165f9113648958,unknown,reference-only; review before runtime admission
repo,assets/cards/legacy_070.svg,446f69ecfd2eeb6d9880b552a791c60a5be948defb620f2dd2ed010cb023a79b,unknown,reference-only; review before runtime admission
repo,assets/cards/legacy_071.svg,c38099c7573a6093ed0f121a3e289348d5a6695244531fdeff3c6106cdf25136,unknown,reference-only; review before runtime admission
repo,assets/cards/legacy_072.svg,87c9b65adc4b0879504a29d5cb489c26cb6a385142651067076b6825664cc8bc,unknown,reference-only; review before runtime admission
repo,assets/cards/legacy_073.svg,b0f9eb8b54f427f9bc06fcdd4d44823dece1ce73566d68314c28a123e8edfbb8,unknown,reference-only; review before runtime admission
repo,assets/cards/legacy_074.svg,01d01fb1ca0d1779c00fec23d1eadf20261a264d4d9d5d5789169b83c30fadc6,unknown,reference-only; review before runtime admission
repo,assets/cards/legacy_075.svg,227f22961f6b64ba8d26be6f14fa8ac4a19d773b45134fc5279214dec9a1a29c,unknown,reference-only; review before runtime admission
repo,assets/cards/legacy_076.svg,969828f2ff63544514c486c3d221fe6a1e76d90c5bf6ec200af422edde0ac988,unknown,reference-only; review before runtime admission
repo,assets/cards/legacy_077.svg,a2510ef21151b6cf92bfe519a647d57e5d4b5e4f3aad0e86b29351c174986386,unknown,reference-only; review before runtime admission
repo,assets/cards/legacy_078.svg,b6a409de6cb437042ae49ebc0fb743e46519e495bf619f563d597a706b784844,unknown,reference-only; review before runtime admission
repo,assets/cards/legacy_079.svg,50654c1eb0719bfbf08d418676f7c37c8cd57788b560ffb347527ed9c9007d77,unknown,reference-only; review before runtime admission
repo,assets/cards/legacy_080.svg,23f4624cdacea071b13926334073f432c1163a7986c4c0110b0b8500c5ee8322,unknown,reference-only; review before runtime admission
repo,assets/cards/legacy_081.svg,2cdbf2c223215ab6ab1562651ef17ca3c83acdec19bf8c6f212ce63eebf4050b,unknown,reference-only; review before runtime admission
repo,assets/cards/legacy_082.svg,76f9858ad3b4b3e68da748ee48dca11d3625f6eab77a15b77197f52067ba2a8b,unknown,reference-only; review before runtime admission
repo,assets/cards/legacy_083.svg,8ce175b4d742ec00d02d8450599a74b513a5f7f7db51d56858df763a055adcac,unknown,reference-only; review before runtime admission
repo,assets/cards/legacy_084.svg,242a1c88d663fb60c7c7f503e53ee011b92eacf9eae43edb32a31f0745184171,unknown,reference-only; review before runtime admission
repo,assets/cards/legacy_085.svg,61edee14ad2952d75eba0b0bc87373b1736b1359dbb58e53a7e773384f84415c,unknown,reference-only; review before runtime admission
repo,assets/cards/legacy_086.svg,d5880e18a72d55d089555b6fb0bc4dba4ae9dc8b06d2ee48f79cd004f164ab40,unknown,reference-only; review before runtime admission
repo,assets/cards/legacy_087.svg,9b9884153492201dddab9a2cc9d5fd4e8326a0848a5cf06403079149145209d5,unknown,reference-only; review before runtime admission
repo,assets/cards/legacy_088.svg,7ba8b9ee45933d0d4fcf6f4fdf4c98e87d436d0bd91ecfe4551501a4e20c8b98,unknown,reference-only; review before runtime admission
repo,assets/cards/legacy_089.svg,383b6eec88f8a42f079b43db610358a2631b6c89a5845ac44e08906f320750e0,unknown,reference-only; review before runtime admission
repo,assets/cards/legacy_090.svg,e4d5cd80c02abcf49924f7b53ddfe5e4b23e7c3233f196a383cc7f803ff98ba4,unknown,reference-only; review before runtime admission
repo,assets/cards/legacy_091.svg,889fcaf788738777178e6f1dc3d8709cfde386263df7fc49e045a7ab37481be2,unknown,reference-only; review before runtime admission
repo,assets/cards/legacy_092.svg,64f614804a353f7565dca4087eabd45f05cdff9272d7cb0197e2e49e85ecfa8d,unknown,reference-only; review before runtime admission
repo,assets/cards/legacy_093.svg,06caa59b121986a9062351d7281a1854228b3e52887ac632489e94c0b5a55ec8,unknown,reference-only; review before runtime admission
repo,assets/cards/legacy_094.svg,b1b5b4ff368b93bd395d329b299c5890d6d846fbfe073f71e5703aa70d63079c,unknown,reference-only; review before runtime admission
repo,assets/cards/legacy_095.svg,07d1715076165e6aaeb3d48b6063de3c5ad32f167e7ff925ce9d29d8721e308f,unknown,reference-only; review before runtime admission
repo,assets/cards/legacy_096.svg,2c4ea73619ab3bc41bcaef037c70e314d5ceeb2fb88e432e439e42572d038432,unknown,reference-only; review before runtime admission
repo,assets/cards/legacy_097.svg,78779af067d0e958365ca5dead90f3c9add5141320f8b870a24c3d198dc47f64,unknown,reference-only; review before runtime admission
repo,assets/cards/legacy_098.svg,24e61fad313875822207677baa74257ee6ec2113bd4e18a2a1770dc62ee5d003,unknown,reference-only; review before runtime admission
repo,assets/cards/legacy_099.svg,0be6d8e51aec09bc63b8c27d36d72871f3e5526b715e5eb9f01eab37b7556d79,unknown,reference-only; review before runtime admission
repo,assets/cards/legacy_100.svg,23c1047b4a87c58fd76ea20b3ad0a574dc09b853bb6ae2f10b25d959bcf3c5e4,unknown,reference-only; review before runtime admission
repo,assets/cards/legacy_101.svg,979f9a4908a8316891e77dca27f03782c4c27dd724a4f9b601c4656ad3ab8709,unknown,reference-only; review before runtime admission
repo,assets/cards/legacy_102.svg,9b6e90330194b2b5dd0f906638f98507ad02f5b1358705c70236d958040e8887,unknown,reference-only; review before runtime admission
repo,assets/cards/legacy_103.svg,16f0d9523dd5cca18e44e86de0a52ff9dd3c49a092dee460b90330606a8d4f41,unknown,reference-only; review before runtime admission
repo,assets/cards/legacy_104.svg,238430a8c7a63d04f7e2958275097de8cc4c015cadc2c829f80dc1d773f9d288,unknown,reference-only; review before runtime admission
repo,assets/cards/legacy_105.svg,5d8b9a06ee104201c36011c550d31e28b7698398db977da3bae2e1ff9cca362f,unknown,reference-only; review before runtime admission
repo,assets/cards/legacy_106.svg,2f584fd2166504ed03e23f5553ec875bb77fe79bdbfd8520dbbe8409dbf80c16,unknown,reference-only; review before runtime admission
repo,assets/cards/legacy_107.svg,6cde923a20eadba33c18462e316177b115f2e4123aa6c6e129e9e4450b616eda,unknown,reference-only; review before runtime admission
repo,assets/cards/legacy_108.svg,c343123ed26a74f0fe39b9573b25bdd7604329f7288a08083a767119c40daa10,unknown,reference-only; review before runtime admission
repo,assets/cards/legacy_109.svg,789d97cdbae24f7fa51e24afa47eb091fc92a95ab813a529f2be56c7bd7f4cd0,unknown,reference-only; review before runtime admission
repo,assets/cards/legacy_110.svg,54f7a30369085dabe4f723a8c29307d042c30f7f08b142cdd858adc600ff5889,unknown,reference-only; review before runtime admission
repo,assets/cards/legacy_111.svg,6d4157b1f9ab1c9db8e87ac64c1f964a8a1da2962f3c6d6313ee16bd751ad419,unknown,reference-only; review before runtime admission
repo,assets/cards/legacy_112.svg,6b52f4cc86f10ef01b8a82f12e0689ed4f2ccda9e5daa4cb823b29a115a63b6a,unknown,reference-only; review before runtime admission
repo,assets/cards/legacy_113.svg,f4c0398ae52557cd47effb6fb86ac38422bf62ae92266da7dcdbce01f04dfe75,unknown,reference-only; review before runtime admission
repo,assets/cards/legacy_114.svg,22707d92e4f1101ba10941bb1dda19bf2424c7bf3ac8e979eedf48537d396d7c,unknown,reference-only; review before runtime admission
repo,assets/cards/legacy_115.svg,2a3b2b10e739f0c932a547b34676384c99d39b25621b7b7b54ba746b5532e04c,unknown,reference-only; review before runtime admission
repo,assets/cards/legacy_116.svg,a7e16a5e23e2f4fc2aec2f1a30605c1cc708dfa6cf71dc617d0a98956ad1cd96,unknown,reference-only; review before runtime admission
repo,assets/cards/legacy_117.svg,a3fd545911975fb207fb22cc3a6fea23a723777f20d4e4727712f80ea36a5b3a,unknown,reference-only; review before runtime admission
repo,assets/cards/legacy_118.svg,529f6bce6aba388466e5f24a31a61c5250da6a0c23bff2346d7a46ae842c9e0b,unknown,reference-only; review before runtime admission
repo,assets/cards/legacy_119.svg,e8cde7f64041663d2a01f3454f87d82fb4df64c3d24d53b244388a8432ba0300,unknown,reference-only; review before runtime admission
repo,assets/cards/legacy_120.svg,d73f701cedc882d2ef4782d3de7b4398f1fc6f8dff97c73f40b20d1e8e75b9dc,unknown,reference-only; review before runtime admission
repo,assets/cards/legacy_121.svg,c6b3e1452d9c2c4fa366a93eb9c01786752b3a47b71c0dadfede01176f15fbce,unknown,reference-only; review before runtime admission
repo,assets/cards/legacy_122.svg,19404e1623ac53dfc4fd59e8d6ae51e30cdb6e0d3fb0b7f7d0ad01f076b7aae6,unknown,reference-only; review before runtime admission
repo,assets/cards/legacy_123.svg,bf5a3e8623ecfe733943bd4a6a0d362b3a43673a69a4fbe24ddefed308544ec0,unknown,reference-only; review before runtime admission
repo,assets/cards/legacy_124.svg,b313f24d1472b4818b46cda1334b10a13a391948bb0ab279db34f5b91963c891,unknown,reference-only; review before runtime admission
repo,assets/cards/legacy_125.svg,d6e17e8591f86f9a18b3e2a65bf929dd20a44f20e5e4f8252a34817725c5b604,unknown,reference-only; review before runtime admission
repo,assets/cards/legacy_126.svg,bd24ec69ec123dd08a33a237c07badd32c314a2e145c5a69a09cc641ea0c2787,unknown,reference-only; review before runtime admission
repo,assets/cards/legacy_127.svg,55fc9e66d4897cb70f73b4530e95573f79aac25c95f8576445896d726ba81271,unknown,reference-only; review before runtime admission
repo,assets/cards/legacy_128.svg,58e7926a0d1ef4c9a064b29ab08c9107eaba77455c0e69ea02144534fd0e67c0,unknown,reference-only; review before runtime admission
repo,assets/cards/legacy_129.svg,848721861ebcf7111fed086d97ad0d9b23e6cd6d306623386f33803bbb8cbb5c,unknown,reference-only; review before runtime admission
repo,assets/cards/legacy_130.svg,dbb58395b1acd1d411feaf7ee3833adc1028a9ace59f103d4366a503e76e363e,unknown,reference-only; review before runtime admission
repo,assets/cards/legacy_131.svg,223d595f7bc8d600f6c484eaf33688ac5bb455838f6577cc0d90f3bc1bdf8fbb,unknown,reference-only; review before runtime admission
repo,assets/cards/legacy_132.svg,07961c15f868cab20a428711099a6e9b2f921f5790580f44c0bc3038141b0c97,unknown,reference-only; review before runtime admission
repo,assets/cards/legacy_133.svg,eeb260c02d51c1fe1bcac65e8af2b4c6849e544727300599cf663852bcb8be7a,unknown,reference-only; review before runtime admission
repo,assets/cards/legacy_134.svg,32311d962263add94e1e947f97e877606b3d51397f566e96b588d7d992aa6971,unknown,reference-only; review before runtime admission
repo,assets/cards/legacy_135.svg,cd0fec41f6ef11695f3f98f4ff4be715e14b9a138f26be88a672eab12aa0b985,unknown,reference-only; review before runtime admission
repo,assets/cards/legacy_136.svg,ea5afa927986deed2919a26ea236a54839bb8312a989e611a479dbd0f4a94016,unknown,reference-only; review before runtime admission
repo,assets/cards/legacy_137.svg,5f67e2a83e911086d8c6d7d682dd177ff210a3067a9b2beef77f593e1235624c,unknown,reference-only; review before runtime admission
repo,assets/cards/legacy_138.svg,7c8133cb5fbda3ab58e5c27f674dc5e8811b8d4d358db5f98dc121677c3771fe,unknown,reference-only; review before runtime admission
repo,assets/cards/legacy_139.svg,fd2d26c8ac0ff2b18dbc84e7e46cd1c265b68130451db2e460d33e1be2e4f9df,unknown,reference-only; review before runtime admission
repo,assets/cards/legacy_140.svg,99952d34d6a54cb1bf35394339e144921b816773b201dbd1254fd3db16720ff1,unknown,reference-only; review before runtime admission
repo,assets/cards/legacy_141.svg,ff2957a1bb12b23645c8b25fbf6c017165bfd8975b3c1c43625368f4f2ec915e,unknown,reference-only; review before runtime admission
repo,assets/cards/legacy_142.svg,a02b4fce3f581201ade11c09285450c2589d0fcc56f77fb52ce218e7a46d714e,unknown,reference-only; review before runtime admission
repo,assets/cards/legacy_143.svg,85b3cba0ca1a6e1c4a261407a285353278db971e972808087948826d25ca877a,unknown,reference-only; review before runtime admission
repo,assets/cards/legacy_144.svg,d08cc4b27401e5383d8d382e3ca7a587c018fedd2ba10d3b291fd722e9c36821,unknown,reference-only; review before runtime admission
repo,assets/cards/legacy_145.svg,6cbbf659131b66bba4cafb284824a2b33feec4b30df05f65e68a7f8c54af50a5,unknown,reference-only; review before runtime admission
repo,assets/cards/legacy_146.svg,787c90e1ca5b59422b8f7ef277068036998cad7aa389c5809dfd20878c6ed6d5,unknown,reference-only; review before runtime admission
repo,assets/cards/legacy_147.svg,9398249cded46bd95fbfe17a8919f31d61753059d53109871a7268fb7e0e8546,unknown,reference-only; review before runtime admission
repo,assets/cards/legacy_148.svg,111480bcb46ccd9828b72181adb7dea45ace4f4b7fb771211371748d054dd26a,unknown,reference-only; review before runtime admission
repo,assets/cards/legacy_149.svg,9c94102430d9b542f6faf1bd681f7b57271f84c3793c3a258cf1611866430bf0,unknown,reference-only; review before runtime admission
repo,assets/cards/legacy_150.svg,28f00e19a53cd77669d3140c15818df7e6aec4e027a51574d65d3d7030c89f25,unknown,reference-only; review before runtime admission
repo,assets/cards/power_epic.svg,c4c2cf2adc718ece9d89fdf9446a54bb8960ccd182392a2421b42e874ba0baa6,unknown,reference-only; review before runtime admission
repo,assets/cards/power_legendary.svg,218525466b09c945961e442a11705c02c62a1c106dabed61225633b1731739eb,unknown,reference-only; review before runtime admission
repo,assets/cards/power_normal.svg,352514ddea33b4077fe1da535baf99d70a2c5356ae16f407bcda6190d5dc7d23,unknown,reference-only; review before runtime admission
repo,assets/cards/precision_epic.svg,1fe1ae86375569916e6282f9550419bcd4a7e3eff75a1fae4d67036970d462ed,unknown,reference-only; review before runtime admission
repo,assets/cards/precision_legendary.svg,ea6d8ffd138e44ef2e2d25f4d66ce03c96047ce0c6442673b1db0451dd7a9dd3,unknown,reference-only; review before runtime admission
repo,assets/cards/precision_normal.svg,630dc2c09f71f337bf698205b574aa56a0aa1983053eafce833872169102226b,unknown,reference-only; review before runtime admission
repo,assets/cards/rage_epic.svg,f2ab2013f59f888dcdb65940f00971d0100cbbb483d120e27261422a117e4001,unknown,reference-only; review before runtime admission
repo,assets/cards/rage_legendary.svg,ea36a1defe26fad34e38759c34a5d22c5b9f4a47b8a80e1ea43239c38688058e,unknown,reference-only; review before runtime admission
repo,assets/cards/rage_normal.svg,150e4c230b951b8a5e83f40403dd053165fcfd788182e37006fed89d8c9b9f1a,unknown,reference-only; review before runtime admission
repo,assets/cards/shield_epic.svg,63158e6e287c775d9ab0047d2f0d8e50f8ca70fc8fb0a00368ff1bde09622f92,unknown,reference-only; review before runtime admission
repo,assets/cards/shield_legendary.svg,8db6f664ec1c7f5aff02fc11cc7b5397fc7c814bda258b80ed1777ea70fabfdf,unknown,reference-only; review before runtime admission
repo,assets/cards/shield_normal.svg,659c2d49497d3c00c93700b9c82a2739645bf4318d942300e7968620d04b7799,unknown,reference-only; review before runtime admission
repo,assets/cards/toxin_epic.svg,d6edd28ecbf345910d5e89cc750773d7449fd7b16f22dadf18de377263fc5ffb,unknown,reference-only; review before runtime admission
repo,assets/cards/toxin_legendary.svg,aec3ad2e832a729f25faf9b8f38646b63eccfaab2c22fed8b9e9badbc3f5fd03,unknown,reference-only; review before runtime admission
repo,assets/cards/toxin_normal.svg,4f838a3d4d82b8a0b67f1d50584636978661e836bdba0d51854e086a03037d45,unknown,reference-only; review before runtime admission
repo,assets/cards/wound_epic.svg,fc5486f561951486fcca643215b217c7a6e09777e9074d506eeef9e482fd4e56,unknown,reference-only; review before runtime admission
repo,assets/cards/wound_legendary.svg,c0d3dbfe202186d9101a2747b6328106f7ca794196751e86c0fd118fe35fe913,unknown,reference-only; review before runtime admission
repo,assets/cards/wound_normal.svg,eda7e934915c5cb1f7fe2880a32178c37e243c1a5bf4dc2c4daf5fd2e1c8d288,unknown,reference-only; review before runtime admission
repo,assets/final/backgrounds/arena_bg.png,67f026abf63e4f4c21ec1cfd33e88f716acfa9267eab4d4039121d2b80c22446,unknown,reference-only; review before runtime admission
repo,assets/final/backgrounds/combat_bg.png,2613f3b6b3bb3123d16ffee7ab5876f81d5ca8eba43f116b7f07f8bc405ded66,unknown,reference-only; review before runtime admission
repo,assets/final/backgrounds/hero_select_bg.png,b969ca7690b70579998566f690a24539c87e46f0b99083b14437b67c2f1f700e,unknown,reference-only; review before runtime admission
repo,assets/final/backgrounds/home_keyart.png,1d79e51d3bfc170a58f661706248f89c9c3e6bd32a0bc9c95a3cffe3ae3018af,unknown,reference-only; review before runtime admission
repo,assets/final/backgrounds/market_bg.png,ae3813d300308ffc1bddb35cd3017e5d2465c77d437d384e75f59eb243aa083b,unknown,reference-only; review before runtime admission
repo,assets/final/style/style_guide.png,093500bfc260b63cc96362754db59e6fd07bd2c0da6757971fadd1d332834a48,unknown,reference-only; review before runtime admission
repo,assets/final/ui/art_bible.png,b0572020851d2785580c81e4a896c231a32fcbc7e116f7b7c461e37fba7295d6,unknown,reference-only; review before runtime admission
repo,assets/final/ui/branch_sheet.png,40f01ded7b0d3e61f2918bb0a8906cae180a03068487352091ecba6d74493d26,unknown,reference-only; review before runtime admission
repo,assets/final/ui/fighter_ui_sheet.png,f8d31e91e30cca702ca47df77ea852579ffd565dce1c910593eb706919723121,unknown,reference-only; review before runtime admission
repo,assets/final/ui/ui_sheet.png,3858b4445e7ed97388177ce0240be4976180c73b6dab3b751a45f0be0c9c20fd,unknown,reference-only; review before runtime admission
repo,assets/heroes/blackthorn.svg,d24fe500218d840fbd1d0523a1b6fa47cb0fadce594d7ead5d332df43acac82d,unknown,reference-only; review before runtime admission
repo,assets/heroes/bloodthorn.svg,c940285c5f91747c7e3d011caaabf2ec5344fa5150cbf7ebfa78644ece2a0efe,unknown,reference-only; review before runtime admission
repo,assets/heroes/darion.svg,03d1ad85adf6cfe014d0505d6f47497702512d38903ff39adf8dedda67234e78,unknown,reference-only; review before runtime admission
repo,assets/heroes/darkbane.svg,8f2ffbb4a93585101caeeca1c5d0d96d18829dd92e217131736000084d6158a0,unknown,reference-only; review before runtime admission
repo,assets/heroes/duskwhisper.svg,63f3a58c177d0f2462e44e25f59cd30af4f8ad13ad82065db1f17de934fda51f,unknown,reference-only; review before runtime admission
repo,assets/heroes/emberforge.svg,ac26688ee46e23b5c1516ebb0c6f3d23135f10449306dd0de12359d92178ac60,unknown,reference-only; review before runtime admission
repo,assets/heroes/fireheart.svg,16d7ce10173cfc43c94e4e16339b5b21e2a0da8a8339edd2b68bfea61f04556c,unknown,reference-only; review before runtime admission
repo,assets/heroes/frostfang.svg,e809e081419bb4403e3e7914dad00f3fb01666be04051e1f9c5464a372acce6b,unknown,reference-only; review before runtime admission
repo,assets/heroes/ironfist.svg,14efe3599632454d25d0893d55d4a2e7ce76d21617b41d09cda78e2c180b1c8a,unknown,reference-only; review before runtime admission
repo,assets/heroes/nightshade.svg,0d27028746e95973701d143f62a185eed7aa7bf3f9313931b328742db6b6cb9e,unknown,reference-only; review before runtime admission
repo,assets/heroes/shadowflame.svg,44c882bb6084dd141c4dd84329753f31d261673ae3207808435e0606c61ae0ed,unknown,reference-only; review before runtime admission
repo,assets/heroes/skydancer.svg,0648345500d8c58c78881ac45c697484e5b4fd71575406b4cedd07734881bec4,unknown,reference-only; review before runtime admission
repo,assets/heroes/steelbane.svg,d6024183c36c5a5758f19b267e7f324e3d6043f8a1e9e435a6459d41b771239e,unknown,reference-only; review before runtime admission
repo,assets/heroes/stormblade.svg,96ff265bf071edf254e6ec7eb01263841e2f99af579594518cd4f8045a1ae42c,unknown,reference-only; review before runtime admission
repo,assets/heroes/voidwalker.svg,209fc39f2852538645a8f17f4ed1662d8aca92dce8900028b25591405143798b,unknown,reference-only; review before runtime admission
repo,assets/heroes/windrider.svg,1b812d02bb8f889cfd73b49b27c941144fab12e29cdc78c3e51faf1d8c484012,unknown,reference-only; review before runtime admission
repo,assets/sprites/blackthorn.png,dc497386674a61ee4f00d409f9e05c01b4c775d526cf70b9dbeab99cd6c72be0,unknown,reference-only; review before runtime admission
repo,assets/sprites/bloodthorn.png,a530d2de5bf9837673a6e33bb305456a5274467f3006427b550bfbad82a4e71c,unknown,reference-only; review before runtime admission
repo,assets/sprites/darion.png,31c44a9e571e1e1302c37d43ea815893d5b86d40adbb10899b2d0a4a8c2c96fb,unknown,reference-only; review before runtime admission
repo,assets/sprites/darkbane.png,3e062b8453039917cfdfd655fb26fdabb0f27420f8802555f751221c7ab5d9dd,unknown,reference-only; review before runtime admission
repo,assets/sprites/duskwhisper.png,9c7f9a9a60d75446082d62d0bfb986d8fefcf0cfaa48e9c8d391f976ec8b4173,unknown,reference-only; review before runtime admission
repo,assets/sprites/emberforge.png,24c30224ad2540bc5c6d63bc82927fef5824d1bdb6ad7c7ba4c2a038e1694bde,unknown,reference-only; review before runtime admission
repo,assets/sprites/fireheart.png,c105f88ff35e53637a5ed9368fb15d27f6f501e4af08849912fd321c9cf3eab4,unknown,reference-only; review before runtime admission
repo,assets/sprites/frostfang.png,8795bfea414932bc6c276dc9b65cf5c89399fc2eea9463c68c04e0d8e725e1f4,unknown,reference-only; review before runtime admission
repo,assets/sprites/ironfist.png,4bc2a6a0755ea1c544878c96c88449e8671ab1d199e94ae6883ac473d28d5bc6,unknown,reference-only; review before runtime admission
repo,assets/sprites/nightshade.png,6b3c2e4c233dd4b692f8a11e7c6a4193cfed57ea29278241b88d5f035322ff88,unknown,reference-only; review before runtime admission
repo,assets/sprites/shadowflame.png,a12d24c57563cc0ba04bce93ecb79f296504aa5de9234d2ba3a14e6a459c82a2,unknown,reference-only; review before runtime admission
repo,assets/sprites/skydancer.png,9093771e7d5be3a36d4b0adeb495106006a5db5c2e892b456dac1632f0301724,unknown,reference-only; review before runtime admission
repo,assets/sprites/steelbane.png,f988ecf3c5dd2e0dfa31fcd9604b326b089decd88725544770bfe53ed8493280,unknown,reference-only; review before runtime admission
repo,assets/sprites/stormblade.png,b29fe2f72cf82ae986711f00b8cea71abeb206ac8ba48e6924c48ce2def23711,unknown,reference-only; review before runtime admission
repo,assets/sprites/voidwalker.png,8235d2a5769739818c15dda09a1ca0ca223bbc051f9cad39080273e115f8b07f,unknown,reference-only; review before runtime admission
repo,assets/sprites/windrider.png,c643dfe441219d6caec1ab32cc46e2e26b810f0128f81c386385d5f46c991167,unknown,reference-only; review before runtime admission
repo,assets/ui/market/btn_cards.png,765aed62461f1a49ab6e6f09ee7c08a4e47bdf9d10c9ca6b850bb23838f31b97,unknown,reference-only; review before runtime admission
repo,assets/ui/market/btn_lock.png,a127032ab6720316e739f51879e5c449d8a317afd6c74646764eec498c8189bd,unknown,reference-only; review before runtime admission
repo,assets/ui/market/btn_market.png,0e4bb21941fc583875232675f62fc1636f18522856f60011e7496cf2b2843e63,unknown,reference-only; review before runtime admission
repo,assets/ui/market/btn_random.png,dcb5bfe644b0ca00f18304f3c8794a9dacb9afce1ad95d49cb425102a6859f27,unknown,reference-only; review before runtime admission
repo,assets/ui/market/btn_ready.png,43762375fe1ac7cfedd48f73a697b4585247f1142336ffa84391ae526147cdcd,unknown,reference-only; review before runtime admission
repo,assets/ui/market/btn_reroll.png,0b52e5668fc50ace822f98ec9dfd3e1896c588db25d077beb411bdd69d818ccb,unknown,reference-only; review before runtime admission
repo,assets/ui/market/btn_undo.png,a1dc1194892363206826ceacac7adaa334b48b2c0eac0dfe00396c842a003b92,unknown,reference-only; review before runtime admission
repo,assets/ui/market/btn_unlock.png,0fc33aef8e0ed0d0ab4e2cc14ccd272ed34246d525558c5c7c75b7fa6b8f6072,unknown,reference-only; review before runtime admission
repo,assets/ui/market/card_frame_common_double.png,3f774dc85f14df2c8db6a8e4b7fc52e4784cbd4bdcfd4c714c072e454f6b6378,unknown,reference-only; review before runtime admission
repo,assets/ui/market/card_frame_common_single.png,9bb877aae20c405e5c1db984987193149a3be38654ddfed62c887423350d6e40,unknown,reference-only; review before runtime admission
repo,assets/ui/market/card_frame_epic.png,3d8e86d3a6c75f064887dd29eedec9a6854de08a36981f8730c7bf60a9c27afd,unknown,reference-only; review before runtime admission
repo,assets/ui/market/card_frame_legendary.png,b3fd895dad71d385686c73e721798ab1df8b06ff710a6ff673d69ddc05f04daa,unknown,reference-only; review before runtime admission
repo,assets/ui/market/gold_panel.png,8e545a9fddc6288d5f68be960fc8e2ce6446730358434b1c8c99ce562428593f,unknown,reference-only; review before runtime admission
repo,assets/ui/market/hero_panel.png,3711b6422d8752d55a074faf50dbd011897ec6b9245bd97ba97473f742f6acad,unknown,reference-only; review before runtime admission
repo,assets/ui/market/left_standings_panel.png,bb3c23bad310d3b496ca0c550dd4480de5bea0ec8b9337b2e62610a5b0d0b5bb,unknown,reference-only; review before runtime admission
repo,assets/ui/market/recap_pill.png,f729532195a090f4eec8e956191923127fd174b159c0a07d5b0e2ad56930e79b,unknown,reference-only; review before runtime admission
repo,assets/ui/market/right_banned_panel.png,d7f039f38d31e9cfba14bed71fdcf52b9a39863c9c3622e8273c2def6895d812,unknown,reference-only; review before runtime admission
repo,assets/ui/market/right_damage_panel.png,3db4e68786899e81f884275a5676e416960ff7e73402ba4a082209c0281c1ce7,unknown,reference-only; review before runtime admission
repo,assets/ui/market/right_traits_panel.png,4de395cdece2cbbf7f723e325f46b26bf244d53a59ae4f7b9b2dd26bea449f1c,unknown,reference-only; review before runtime admission
repo,assets/ui/market/top_round_badge.png,48f3065c4bfd334edd72adf8ffc68c868b5bb2cc5c5a82a2344dc69b330bb0b8,unknown,reference-only; review before runtime admission
repo,previews/arena01_composite_static.png,656e85fc60a6dfa44393cd7b34cf05f97ec76e8b53ca8539f174e141a9171cad,unknown,reference-only; review before runtime admission
archive,arena01_fg_combat_floor.png.png,7218dbfe589d667649575163c5441091ae007038e6633d789ec216ee67ff81db,unknown,reference-only; review before runtime admission
archive,arena1/arena 1.png,3915c1acf5362870617d25f38387da7aa11fe0f6af7a6e437ddc6a95b099e4de,unknown,reference-only; review before runtime admission
archive,arena1/arena01_bg_mountains.png.png,b8375647906d2d791afc03af259d3d11ab95af6088228cb04ca7ddd68d4bed7e,unknown,reference-only; review before runtime admission
archive,arena1/arena01_bg_sky.png.png,5d2ef9aae17e9cc26e5b04c2456e08b397ef9e129c9b2165d3757b284fce1d13,unknown,reference-only; review before runtime admission
archive,arena1/arena01_fg_combat_floor.png.png,0b8e54773c1c82e806d14efbf74edf3e222e7e2e6ab6909ddd0e61cc1133daa2,unknown,reference-only; review before runtime admission
archive,arena1/arena01_fg_props.png.png,39b34620cdf2e36858f95ce8a7e965e8324c0a23201a27d72531ebc98d66efd6,unknown,reference-only; review before runtime admission
archive,arena1/arena01_fg_props_left.png.png,be93cbc1197a0e995e375cc9940c2d981be38774f10bb83c0df87d9ac2d81e28,unknown,reference-only; review before runtime admission
archive,arena1/arena01_fg_props_right.png.png,ab511387abeb021561589389f3181a2733070cf3875ea399f3055eecd7eb3144,unknown,reference-only; review before runtime admission
archive,arena1/arena01_mg_arch_left.png.png,7a7af6cdc0256d5183cf2aa963855f10bc7152986c56bd675fcde4c8b015fe87,unknown,reference-only; review before runtime admission
archive,arena1/arena01_mg_arch_right.png.png,f26d4ff09dcf0fbbc9e5832d1d60db73d52e4001d370016323c403008d63cf7b,unknown,reference-only; review before runtime admission
archive,arena1/arena01_mg_back_architecture.png.png,e23bc2c1ea6f00197e747e0c9a07abd33441295275ef7e31414117ab1b6fc856,unknown,reference-only; review before runtime admission
archive,arena1/arena01_mg_center_stairs.png.png,f26161ae17ad573dbec9ca5fcedd6c72bf7eee776cdbaa5e21943997614a7734,unknown,reference-only; review before runtime admission
archive,arena1/arena01_mg_crystal_core.png.png,a23563740046781f8186298bdd934f5458d30d8aea8af4847419c561de988438,unknown,reference-only; review before runtime admission
archive,arena1/full_art.png,7849ad9f30152add1cb3dfb3237184261efce9b768025bb2e990021ca99041ce,unknown,reference-only; review before runtime admission
archive,carte/comune_single_branch.png,9bb877aae20c405e5c1db984987193149a3be38654ddfed62c887423350d6e40,unknown,reference-only; review before runtime admission
archive,carte/comune_two_branch.png,3f774dc85f14df2c8db6a8e4b7fc52e4784cbd4bdcfd4c714c072e454f6b6378,unknown,reference-only; review before runtime admission
archive,carte/epic.png,50a914f19197563faac0e68ab0e275b40438b6c963b773990f782ef5c7b69d00,unknown,reference-only; review before runtime admission
archive,carte/legendary.png,f155b67b05ad3239866744c186937bca6f0c64282aed8eb785f7fd1c44c60b7f,unknown,reference-only; review before runtime admission
archive,"ChatGPT Image 27 apr 2026, 09_41_18.png",58f997286a52e894d726bb03a56ca5cf85dc83df67c457a5879ad9c8fdbbb98b,unknown,reference-only; review before runtime admission
archive,"ChatGPT Image 27 apr 2026, 10_35_19 (1).png",88431d8426208f992c4c5696a035ad9e2ee05331dea25aacfe169015cd83fc54,unknown,reference-only; review before runtime admission
archive,"ChatGPT Image 27 apr 2026, 10_35_19 (2).png",e6831cdc15e23311dd9dd16e6f0e553065f8392666b8e80b5adf052a289085fe,unknown,reference-only; review before runtime admission
archive,"ChatGPT Image 27 apr 2026, 10_39_49.png",ba8e7fb8437f2755486739ce0ece4e31f5dbed64304eb04a13379bfc97a49df1,unknown,reference-only; review before runtime admission
archive,"ChatGPT Image 27 apr 2026, 16_39_30.png",79910d377b0f447931a30f7d36d7bc5ef58ae1b06417860c39ec2f0e7ba63503,unknown,reference-only; review before runtime admission
archive,"ChatGPT Image 27 apr 2026, 16_58_02.png",057571b68ec8796e055db88af1a45a5c04caf025bc3618167863a09d02ca59b0,unknown,reference-only; review before runtime admission
archive,"ChatGPT Image 27 apr 2026, 17_16_24.png",566d7bd59b125c7ca318577f73add64e7c55c92555ea80afeb56cb04909f5811,unknown,reference-only; review before runtime admission
archive,"ChatGPT Image 27 apr 2026, 17_25_29.png",0abf8d17bf43b1f2758497dee21fbc55676a9bd9f2a6793c676c5744b3b775cd,unknown,reference-only; review before runtime admission
archive,"ChatGPT Image 27 apr 2026, 17_38_15.png",069119b4f6b4115339be683d907943dff7a61f00521a58405532a4bbf7c0eb8a,unknown,reference-only; review before runtime admission
archive,"ChatGPT Image 27 apr 2026, 17_40_02.png",8884fa6ee1961cf82279f19dae2d0185d6f0f9f92860cff65e2ce96b9c2e6b45,unknown,reference-only; review before runtime admission
archive,"ChatGPT Image 27 apr 2026, 17_41_27.png",51afcccfa3ed652dac366a37ed62402e8021e2b62f5d5541dfad7c11283b611c,unknown,reference-only; review before runtime admission
archive,"ChatGPT Image 27 apr 2026, 17_44_07.png",ceaaaeda1d71ac23332b70943943dec5197ae4493021ab3abb52d90d849b9977,unknown,reference-only; review before runtime admission
archive,"ChatGPT Image 27 apr 2026, 17_48_37.png",3963bc021a8927befb19714f15f1c0ac76151ff5126fe89ea2c9a8b3d52884bd,unknown,reference-only; review before runtime admission
archive,"ChatGPT Image 27 apr 2026, 17_51_39.png",97119fd1ecbed7d9c5d8436ddf18c6e61fcd3da6def1753dcf987add13718da0,unknown,reference-only; review before runtime admission
archive,"ChatGPT Image 27 apr 2026, 17_59_28.png",39af6fb3c03a5d303c54f323c401dfd9242dc9a5de6b022fb577a413e9764513,unknown,reference-only; review before runtime admission
archive,"ChatGPT Image 28 apr 2026, 15_12_57.png",cdf690f2ab4663fe0bb051304f63f5c7ebdf01093a29993f5bef02e4b8023d3c,unknown,reference-only; review before runtime admission
archive,Gemini_Generated_Image_e0lykoe0lykoe0ly-Photoroom.png,14bac01d944138648e39e716b7653e03dfc991cb463fad70f9226e7f023ed600,unknown,reference-only; review before runtime admission
archive,HeroSmash/assets/arenas/arena01_beast_crucible/arena01_bg_mountains.png,ac13c432168406b0b243b09f092a382ef71a5f55ff093fa2b9d4bd2396d367d0,unknown,reference-only; review before runtime admission
archive,HeroSmash/assets/arenas/arena01_beast_crucible/arena01_bg_sky.png,00ffe151a38af94b256e201de551a0c537c6f38f29f8710d6f45d1bce3e13e9f,unknown,reference-only; review before runtime admission
archive,HeroSmash/assets/arenas/arena01_beast_crucible/arena01_fg_combat_floor.png,f2cb148b1f25ed72ed4fe5ebdacb500e11d44da767603c02845c9976a00e4766,unknown,reference-only; review before runtime admission
archive,HeroSmash/assets/arenas/arena01_beast_crucible/arena01_mg_back_architecture.png,eedd9031fdfb265781a76f0fb26a4da5b5ead57cb9edbac850c8d18de40a922d,unknown,reference-only; review before runtime admission
archive,HeroSmash/assets/arenas/arena01_beast_crucible/arena01_mg_crystal_core.png,ae9422a824b1e815f7343b1be6b8a7fdd0f922faa3a52dd9e9144c64deda34d4,unknown,reference-only; review before runtime admission
archive,HeroSmash/assets/branches/assault.png,02369e4b32693776c13cb482832d867c06f63af90ccf958718e1546c4e8b3abf,unknown,reference-only; review before runtime admission
archive,HeroSmash/assets/branches/dodge.png,97d62eb75938bb00b8d191f66be7d715fdb9c2637b4e7583830a281cb55940a2,unknown,reference-only; review before runtime admission
archive,HeroSmash/assets/branches/essence.png,d94c4ebf872fa1f7d54ead722f2208aaf1f717b2bf1105dfb6f4cd04d8ad2e18,unknown,reference-only; review before runtime admission
archive,HeroSmash/assets/branches/guardian.png,9719483ecdf1d55d139d86a739a8521d7ebcfa4ba152e2523268a679e2397098,unknown,reference-only; review before runtime admission
archive,HeroSmash/assets/branches/healing.png,0272611840674b2387666c7619e12c38441a0b75e607177d1e239725aee19b3f,unknown,reference-only; review before runtime admission
archive,HeroSmash/assets/branches/ice.png,3be4f8f5cd96bec50204d5dc40975244ab349e4e69372aae517fed6fc89c019d,unknown,reference-only; review before runtime admission
archive,HeroSmash/assets/branches/power.png,4c4f14e96a85f4e742086b0549f5b4e2493f3b9d780f3c40031ee0d2155f7b3e,unknown,reference-only; review before runtime admission
archive,HeroSmash/assets/branches/precision.png,9193f6f5622b5318df376ee281bf56df06a6beec4b0583ec4a15cae5370ff77f,unknown,reference-only; review before runtime admission
archive,HeroSmash/assets/branches/rage.png,6bb0b132f2e7ee1e071f206d2cc11363636793e38a8500bc09ac75201c3f703c,unknown,reference-only; review before runtime admission
archive,HeroSmash/assets/branches/shield.png,9c7d6b4c61c48da99535843702c6b8bf0d053bf327c2d8698e7d02ac4c8a69ea,unknown,reference-only; review before runtime admission
archive,HeroSmash/assets/branches/toxin.png,34ac046eb05d22fb9b3ba3fc569e7e54329e83e3af6943d7f5c47998163e8d17,unknown,reference-only; review before runtime admission
archive,HeroSmash/assets/branches/wound.png,ffe4a06fe433961464111e205c4d6ffd49f3aa1623f71c3024fb9f2f5e4c9b9d,unknown,reference-only; review before runtime admission
archive,HeroSmash/assets/cards/assault_epic.svg,263055cfe972b5760fe31134e83a805416d5b3a1c383a98a6edb5422f0f53762,unknown,reference-only; review before runtime admission
archive,HeroSmash/assets/cards/assault_legendary.svg,1f6cdf4861805920f857352ac9e780949d8473637eb7f4316d861ee525a6b151,unknown,reference-only; review before runtime admission
archive,HeroSmash/assets/cards/assault_normal.svg,d00fa3890a7fee04ba0c18c1bb391646c018c94938793d0bde9038409d8eee3a,unknown,reference-only; review before runtime admission
archive,HeroSmash/assets/cards/dodge_epic.svg,013e5300a0eaed1d13ea1f0ea4a90ebaa308f2322a04a1e0ea560948f9ce77c0,unknown,reference-only; review before runtime admission
archive,HeroSmash/assets/cards/dodge_legendary.svg,8dea23ae118309daa79b978ed14cd9548b7315bf94f6cdae18aab3c93cd498c5,unknown,reference-only; review before runtime admission
archive,HeroSmash/assets/cards/dodge_normal.svg,5c4a5bf0b516088402ee222a2b9579dd9b1c5c40baefeaf5bcabb9328944f259,unknown,reference-only; review before runtime admission
archive,HeroSmash/assets/cards/essence_epic.svg,85b001779b17aac2822c04fb5917384bdd489feabef97cf9df09abdf23150ceb,unknown,reference-only; review before runtime admission
archive,HeroSmash/assets/cards/essence_legendary.svg,d6bb64a27856de0b1bbe2e6a475367be61ef5a3b6d1e2b12a6940ae11d7f30f5,unknown,reference-only; review before runtime admission
archive,HeroSmash/assets/cards/essence_normal.svg,5e5f13f26007e0a965dbb549d7e1419cd4e45dcad24520d419c84da4c63328e0,unknown,reference-only; review before runtime admission
archive,HeroSmash/assets/cards/frames/epica.png,8d513d9e9405a85547d244ef0938de0d5ad59803b8b63bca401d52b5e8166cd5,unknown,reference-only; review before runtime admission
archive,HeroSmash/assets/cards/frames/leggendaria.png,936c76da2319d19308206b558d2ee6fa7a744e4e0f1a25ddaf03de30c5177d68,unknown,reference-only; review before runtime admission
archive,HeroSmash/assets/cards/frames/normale_1.png,8b8469fb7ac466164ccf91de6eee8a71945045f6b3532b6e8e1ec8e7f44774ca,unknown,reference-only; review before runtime admission
archive,HeroSmash/assets/cards/frames/normale_2.png,46de8e151824a1b8d200dfb6a18c15580a84a2540d243ca8eccbcf8b2b7168d2,unknown,reference-only; review before runtime admission
archive,HeroSmash/assets/cards/guardian_epic.svg,7b9bb85c1e8019d936d78d471fbf8184ae11fcd62c4ebef64586685d61a537d2,unknown,reference-only; review before runtime admission
archive,HeroSmash/assets/cards/guardian_legendary.svg,13b0959a9bb33c5f88fd3f3a7cbffc3e64db6731810d73d6af7ef58d4beb18b5,unknown,reference-only; review before runtime admission
archive,HeroSmash/assets/cards/guardian_normal.svg,263089d2d7b8fad7e4a29cc76fed07dd6ec45c3f34b15228bdc599cb3a247687,unknown,reference-only; review before runtime admission
archive,HeroSmash/assets/cards/healing_epic.svg,dfb117fe18e3555f8bcb430e00e3b346ede2cf753068600e4c510400ec2bb0e8,unknown,reference-only; review before runtime admission
archive,HeroSmash/assets/cards/healing_legendary.svg,7a2513fff0176a3615043694559d0bfb04dae2a2f88fc0c10c34f968fbbb1f79,unknown,reference-only; review before runtime admission
archive,HeroSmash/assets/cards/healing_normal.svg,5e5c224e8d651dc9063e04f8f1da4c569faa1b519ea6ed2b3349a2038bd334bb,unknown,reference-only; review before runtime admission
archive,HeroSmash/assets/cards/ice_epic.svg,d152c462a4a5fa9c3e26ef0f1d8256c3f99c28a587a09852f4e2ca9a8fa28c07,unknown,reference-only; review before runtime admission
archive,HeroSmash/assets/cards/ice_legendary.svg,0992c72a0c8790c1fb32d904e966c99cf29e71800c097f40c793d480d7f0bfb3,unknown,reference-only; review before runtime admission
archive,HeroSmash/assets/cards/ice_normal.svg,9a0b6808a1d2dd19f4fdcba9c7db8e8dc888dfcc66158419cbe40588679c34a1,unknown,reference-only; review before runtime admission
archive,HeroSmash/assets/cards/legacy_001.svg,9e0203d81043f5f8d7b3fca41935b81f4f678ccc81733a5a3873495151f03014,unknown,reference-only; review before runtime admission
archive,HeroSmash/assets/cards/legacy_002.svg,b9ca838b07d74d5d5a31e14d8e91688283ed604f45b7b37df85f2231801eab79,unknown,reference-only; review before runtime admission
archive,HeroSmash/assets/cards/legacy_003.svg,f3ea4fb35bed54fcc1ce0cf110ec0ff73617f7a504cf7c4c3fd63f742cca4e84,unknown,reference-only; review before runtime admission
archive,HeroSmash/assets/cards/legacy_004.svg,13d048864325919ba176bec5cd73479a9a2ba7319c9b82e99f15798adb6b3e5e,unknown,reference-only; review before runtime admission
archive,HeroSmash/assets/cards/legacy_005.svg,2963e308e9c99ad0e53e99abf409a1c79f10b0112b945625ab9afc0da3c629b4,unknown,reference-only; review before runtime admission
archive,HeroSmash/assets/cards/legacy_006.svg,bec6e3530ed20a2ef9d16708c94fb9528c0620d735f45da377aa8d853a39add7,unknown,reference-only; review before runtime admission
archive,HeroSmash/assets/cards/legacy_007.svg,9e446ccd91fd1581a7a4eb6917ff7522b49d78f2afcd22a6f5c8a15fdf554bd0,unknown,reference-only; review before runtime admission
archive,HeroSmash/assets/cards/legacy_008.svg,38f3b7d02a124daee40e87022e80b07e74b8422dbc822858001bdc2c79277c21,unknown,reference-only; review before runtime admission
archive,HeroSmash/assets/cards/legacy_009.svg,07627874fda2f0d4bcabb9c2daf7c1a695e6365559585cecd56d6996a2b20b0c,unknown,reference-only; review before runtime admission
archive,HeroSmash/assets/cards/legacy_010.svg,a53517bf3609e25deb144c09e04914598579fb93eb6f2829bc96733b023fe216,unknown,reference-only; review before runtime admission
archive,HeroSmash/assets/cards/legacy_011.svg,218b4591abfd7ec6148ce69bb3313396674f41751dd4285593f1fb75ca890d38,unknown,reference-only; review before runtime admission
archive,HeroSmash/assets/cards/legacy_012.svg,61575c1dfb2b4f5043c328d8f726135c579ca2b68c7492866dd4ba88e8ccdf6f,unknown,reference-only; review before runtime admission
archive,HeroSmash/assets/cards/legacy_013.svg,c995526fa43cf62c263c2c2f45f825a90661f540633740742dae8b10bdfd51d0,unknown,reference-only; review before runtime admission
archive,HeroSmash/assets/cards/legacy_014.svg,9dbad3b147e7f9a17f7a3325a0a16fa01334da7f24488581608b886952e7a323,unknown,reference-only; review before runtime admission
archive,HeroSmash/assets/cards/legacy_015.svg,e209acca7f1cf2dceedd7104e4d7cc12fb55d2c95a916a29520a9dc17ee37fc7,unknown,reference-only; review before runtime admission
archive,HeroSmash/assets/cards/legacy_016.svg,98cd5ac1f8d819693e295a0ba97bf796fe31f71b21f69afab3d2ae748a48e271,unknown,reference-only; review before runtime admission
archive,HeroSmash/assets/cards/legacy_017.svg,4d2ba7f335b357315cb41034e2ff69b09041b65dcc11bf32a3f7588e08fc0ac5,unknown,reference-only; review before runtime admission
archive,HeroSmash/assets/cards/legacy_018.svg,666e9d2a28b7c7d29f21dbcf18c942e1f1b004088b84654b9b25feb9bd8da335,unknown,reference-only; review before runtime admission
archive,HeroSmash/assets/cards/legacy_019.svg,1ee05d34cea0eb684e04d28ec2633da83ab4ac86b3b7772fbec3c39992e4155d,unknown,reference-only; review before runtime admission
archive,HeroSmash/assets/cards/legacy_020.svg,2ddba750c82686f97aff16eb1f56c36b5e8ca9f1c0bb61c6e5503f17b1f6f21c,unknown,reference-only; review before runtime admission
archive,HeroSmash/assets/cards/legacy_021.svg,ae4c860a17dcbe0b978a1521c345c18340754da0efd11802cb1601eea66777f6,unknown,reference-only; review before runtime admission
archive,HeroSmash/assets/cards/legacy_022.svg,ddea706a3668b8a3a642c4c509fd97bbeca430af921f49d35ae26d5989c587e1,unknown,reference-only; review before runtime admission
archive,HeroSmash/assets/cards/legacy_023.svg,f38c3f75fac316bc8d4b9aa20e8fc8e6583b83440f0c0d7354c4db8e46c25715,unknown,reference-only; review before runtime admission
archive,HeroSmash/assets/cards/legacy_024.svg,87277c7c97e9e34982076a0da50c2454e6545ab06cf34c910e557168168eaf47,unknown,reference-only; review before runtime admission
archive,HeroSmash/assets/cards/legacy_025.svg,749b0bbf4aace114d9fd7c1789727e64042130546be62a918e1c32b152b6aee0,unknown,reference-only; review before runtime admission
archive,HeroSmash/assets/cards/legacy_026.svg,29459b90c675375323b15a261c60047e9466665fab162cd00a0d2b2a04edbcd8,unknown,reference-only; review before runtime admission
archive,HeroSmash/assets/cards/legacy_027.svg,9090142f961e0312661fc400e4bc4b3657a3df03e6595e1bd0f7ecae027d5a29,unknown,reference-only; review before runtime admission
archive,HeroSmash/assets/cards/legacy_028.svg,a976fc1adfd17d3b1c4178abf4244ee0ff679195da99778f0f9aabd7970bff6a,unknown,reference-only; review before runtime admission
archive,HeroSmash/assets/cards/legacy_029.svg,b176ea560ed2d7adec776a0208d75b8a235f202555e601a463cb3256ca39d980,unknown,reference-only; review before runtime admission
archive,HeroSmash/assets/cards/legacy_030.svg,96a26447117567fe268d28d71f5159f975b86cbf885a470ccaa6d16dd6fe4607,unknown,reference-only; review before runtime admission
archive,HeroSmash/assets/cards/legacy_031.svg,3ed8542c0745644e3099185a592a2c74ec401b8be5fcf45b01e4ed2a27ce900c,unknown,reference-only; review before runtime admission
archive,HeroSmash/assets/cards/legacy_032.svg,62ab27831147e535177953c0e854530d4e3f845251adf5aa540ab6db6a42be64,unknown,reference-only; review before runtime admission
archive,HeroSmash/assets/cards/legacy_033.svg,722f77d847d3c57a252cf2283f09fd9b10ba21b2eef0129bb32af3eb6f6aeb23,unknown,reference-only; review before runtime admission
archive,HeroSmash/assets/cards/legacy_034.svg,dfb93d879cb70d253fbc1d6d789992aaafd0c1043d94626f9953cb189f183f76,unknown,reference-only; review before runtime admission
archive,HeroSmash/assets/cards/legacy_035.svg,710f5424c44c83db5a0035c800ef6f64beaab04b7bb17257abc7dfcc2a34a907,unknown,reference-only; review before runtime admission
archive,HeroSmash/assets/cards/legacy_036.svg,1b5a2262770943841b1d6c0f101dd723591ed450041042688dbc98390b24672a,unknown,reference-only; review before runtime admission
archive,HeroSmash/assets/cards/legacy_037.svg,69df3a2bc9fc388243aa058b4855797cf3afb801771c30d44760a325b246fbbb,unknown,reference-only; review before runtime admission
archive,HeroSmash/assets/cards/legacy_038.svg,2731cf62c752eb594ef7cd60fb62f0db61bc958dff11817c3da4fa650509fbb0,unknown,reference-only; review before runtime admission
archive,HeroSmash/assets/cards/legacy_039.svg,b7398775cde2a6c2accfe4412e52895e22322ee2da5313211faa1ff5f5e8f723,unknown,reference-only; review before runtime admission
archive,HeroSmash/assets/cards/legacy_040.svg,542e1072a554a164edb502a356768c7ec01d7fa843ab1d7705a5e0e8c774533c,unknown,reference-only; review before runtime admission
archive,HeroSmash/assets/cards/legacy_041.svg,87ff0ae7142f22280bd02d2b21bc44e6471dfc2ee7c4fc6e23085174629f929b,unknown,reference-only; review before runtime admission
archive,HeroSmash/assets/cards/legacy_042.svg,c0ab98a37d0349a253ebf970ed3ca98a7d2ac1954125a8e74fdb003f407ac9e5,unknown,reference-only; review before runtime admission
archive,HeroSmash/assets/cards/legacy_043.svg,bfbec199b18889d08aa2e89e9ea8d0617cc4d5e74f898104ffb4c0d44d1d9fc5,unknown,reference-only; review before runtime admission
archive,HeroSmash/assets/cards/legacy_044.svg,40b0b1d3deee4c7eaddba5db036688f1bd14e3541b26f1e071709501fe0ec59f,unknown,reference-only; review before runtime admission
archive,HeroSmash/assets/cards/legacy_045.svg,1369aa2372b767416e0477c364a0c4be5a1fd906f97114a70331ffa499ab7ad5,unknown,reference-only; review before runtime admission
archive,HeroSmash/assets/cards/legacy_046.svg,ef74d72dddbc15a4cf9ca094a3dd627a327736a3d38fb9468df34be85052033e,unknown,reference-only; review before runtime admission
archive,HeroSmash/assets/cards/legacy_047.svg,0f947ec4c044d41456cc74df0bcbece17707f286084e9df96b1ec275f2dd0623,unknown,reference-only; review before runtime admission
archive,HeroSmash/assets/cards/legacy_048.svg,be8eaf60f4a83fca8b8e0216847e55a0efc2f80220536bd2dddffc52ea11b2ba,unknown,reference-only; review before runtime admission
archive,HeroSmash/assets/cards/legacy_049.svg,9f11bdb1524be233a38503b9e909fe7769652ce81e9c5a40a45f1488f41711d9,unknown,reference-only; review before runtime admission
archive,HeroSmash/assets/cards/legacy_050.svg,a6f9bbc4124b395b314d2b6ea9a9df1cfed29c09d65d11539007daca6f030ec4,unknown,reference-only; review before runtime admission
archive,HeroSmash/assets/cards/legacy_051.svg,44f9b8a9026f37a358acc2e51c1973ba0f68e056da992ee6747cff111422c1e0,unknown,reference-only; review before runtime admission
archive,HeroSmash/assets/cards/legacy_052.svg,5d39d074f7d99ba6a97d56e42bb403507d06a810b0aa6d7bc7823f71958ff5ed,unknown,reference-only; review before runtime admission
archive,HeroSmash/assets/cards/legacy_053.svg,2d789361336d94fa864a2e7451b4ff4fea31894eca29a13326d66b4a6d364f78,unknown,reference-only; review before runtime admission
archive,HeroSmash/assets/cards/legacy_054.svg,36b0954b1b068e3037e08f6f441c18300ad91241e88e1c60b613c7f412ac4e5a,unknown,reference-only; review before runtime admission
archive,HeroSmash/assets/cards/legacy_055.svg,0b6decc070a3da902126ce13012f11af32b83079e726bd523f1b91bb905a138a,unknown,reference-only; review before runtime admission
archive,HeroSmash/assets/cards/legacy_056.svg,e7831fab82a7f605a0cfcaa341d0a3a722a74e86873b7da44a22eb59b2032dc2,unknown,reference-only; review before runtime admission
archive,HeroSmash/assets/cards/legacy_057.svg,75f12ab934925ca0f0277659b0420a0c3113cd7946f799699c7354b4fbe87a2d,unknown,reference-only; review before runtime admission
archive,HeroSmash/assets/cards/legacy_058.svg,41859a6f8d0f7dc961df162b37b7f1d41462340ce1eff0d41d03400b58d306f0,unknown,reference-only; review before runtime admission
archive,HeroSmash/assets/cards/legacy_059.svg,4e11e060344d26ff4b66e521ed477f65d21b67958ce52c427195174b2a9d90bf,unknown,reference-only; review before runtime admission
archive,HeroSmash/assets/cards/legacy_060.svg,4ae585dc9ab7cd50bc4b73be8c4c21c17dc9fa0fea80abfef423e8c8d542f013,unknown,reference-only; review before runtime admission
archive,HeroSmash/assets/cards/legacy_061.svg,91e67a9b6058f8014bbaa34ee479802342e9152a2868b376c0a1b9b2273d2003,unknown,reference-only; review before runtime admission
archive,HeroSmash/assets/cards/legacy_062.svg,36b62cf13601b14fc75975c512fb8147164d4a92a1008891ae66d32da0a28337,unknown,reference-only; review before runtime admission
archive,HeroSmash/assets/cards/legacy_063.svg,f72ef0313e0c2d121a86f18fccb36d4d3f91b873fc100b60cd2eb90b950373e6,unknown,reference-only; review before runtime admission
archive,HeroSmash/assets/cards/legacy_064.svg,8b8d0717777b9db5f99f3546a3dc6415c89b96f709fccde67de42f589e0c15dc,unknown,reference-only; review before runtime admission
archive,HeroSmash/assets/cards/legacy_065.svg,9a0776a0abd9d6471c19ed0b6b6e676a19f5e1f9e6635b4da044da3d686a16bd,unknown,reference-only; review before runtime admission
archive,HeroSmash/assets/cards/legacy_066.svg,05b33ce989a75ce2ec7d9e6723a719d806186473dd1202045f827f785e58a2f8,unknown,reference-only; review before runtime admission
archive,HeroSmash/assets/cards/legacy_067.svg,056e42d4f502db1c85d54d024e86a9605204f05f32aad72503f8d8689d98ec00,unknown,reference-only; review before runtime admission
archive,HeroSmash/assets/cards/legacy_068.svg,d4d3d451dd49a9faddcb9422eac683260a8d6d8c2ad57116f4339f5490bad85f,unknown,reference-only; review before runtime admission
archive,HeroSmash/assets/cards/legacy_069.svg,a7f425674ae87fbd84a09e812992ddd18e5bc50d7c7f21e976165f9113648958,unknown,reference-only; review before runtime admission
archive,HeroSmash/assets/cards/legacy_070.svg,446f69ecfd2eeb6d9880b552a791c60a5be948defb620f2dd2ed010cb023a79b,unknown,reference-only; review before runtime admission
archive,HeroSmash/assets/cards/legacy_071.svg,c38099c7573a6093ed0f121a3e289348d5a6695244531fdeff3c6106cdf25136,unknown,reference-only; review before runtime admission
archive,HeroSmash/assets/cards/legacy_072.svg,87c9b65adc4b0879504a29d5cb489c26cb6a385142651067076b6825664cc8bc,unknown,reference-only; review before runtime admission
archive,HeroSmash/assets/cards/legacy_073.svg,b0f9eb8b54f427f9bc06fcdd4d44823dece1ce73566d68314c28a123e8edfbb8,unknown,reference-only; review before runtime admission
archive,HeroSmash/assets/cards/legacy_074.svg,01d01fb1ca0d1779c00fec23d1eadf20261a264d4d9d5d5789169b83c30fadc6,unknown,reference-only; review before runtime admission
archive,HeroSmash/assets/cards/legacy_075.svg,227f22961f6b64ba8d26be6f14fa8ac4a19d773b45134fc5279214dec9a1a29c,unknown,reference-only; review before runtime admission
archive,HeroSmash/assets/cards/legacy_076.svg,969828f2ff63544514c486c3d221fe6a1e76d90c5bf6ec200af422edde0ac988,unknown,reference-only; review before runtime admission
archive,HeroSmash/assets/cards/legacy_077.svg,a2510ef21151b6cf92bfe519a647d57e5d4b5e4f3aad0e86b29351c174986386,unknown,reference-only; review before runtime admission
archive,HeroSmash/assets/cards/legacy_078.svg,b6a409de6cb437042ae49ebc0fb743e46519e495bf619f563d597a706b784844,unknown,reference-only; review before runtime admission
archive,HeroSmash/assets/cards/legacy_079.svg,50654c1eb0719bfbf08d418676f7c37c8cd57788b560ffb347527ed9c9007d77,unknown,reference-only; review before runtime admission
archive,HeroSmash/assets/cards/legacy_080.svg,23f4624cdacea071b13926334073f432c1163a7986c4c0110b0b8500c5ee8322,unknown,reference-only; review before runtime admission
archive,HeroSmash/assets/cards/legacy_081.svg,2cdbf2c223215ab6ab1562651ef17ca3c83acdec19bf8c6f212ce63eebf4050b,unknown,reference-only; review before runtime admission
archive,HeroSmash/assets/cards/legacy_082.svg,76f9858ad3b4b3e68da748ee48dca11d3625f6eab77a15b77197f52067ba2a8b,unknown,reference-only; review before runtime admission
archive,HeroSmash/assets/cards/legacy_083.svg,8ce175b4d742ec00d02d8450599a74b513a5f7f7db51d56858df763a055adcac,unknown,reference-only; review before runtime admission
archive,HeroSmash/assets/cards/legacy_084.svg,242a1c88d663fb60c7c7f503e53ee011b92eacf9eae43edb32a31f0745184171,unknown,reference-only; review before runtime admission
archive,HeroSmash/assets/cards/legacy_085.svg,61edee14ad2952d75eba0b0bc87373b1736b1359dbb58e53a7e773384f84415c,unknown,reference-only; review before runtime admission
archive,HeroSmash/assets/cards/legacy_086.svg,d5880e18a72d55d089555b6fb0bc4dba4ae9dc8b06d2ee48f79cd004f164ab40,unknown,reference-only; review before runtime admission
archive,HeroSmash/assets/cards/legacy_087.svg,9b9884153492201dddab9a2cc9d5fd4e8326a0848a5cf06403079149145209d5,unknown,reference-only; review before runtime admission
archive,HeroSmash/assets/cards/legacy_088.svg,7ba8b9ee45933d0d4fcf6f4fdf4c98e87d436d0bd91ecfe4551501a4e20c8b98,unknown,reference-only; review before runtime admission
archive,HeroSmash/assets/cards/legacy_089.svg,383b6eec88f8a42f079b43db610358a2631b6c89a5845ac44e08906f320750e0,unknown,reference-only; review before runtime admission
archive,HeroSmash/assets/cards/legacy_090.svg,e4d5cd80c02abcf49924f7b53ddfe5e4b23e7c3233f196a383cc7f803ff98ba4,unknown,reference-only; review before runtime admission
archive,HeroSmash/assets/cards/legacy_091.svg,889fcaf788738777178e6f1dc3d8709cfde386263df7fc49e045a7ab37481be2,unknown,reference-only; review before runtime admission
archive,HeroSmash/assets/cards/legacy_092.svg,64f614804a353f7565dca4087eabd45f05cdff9272d7cb0197e2e49e85ecfa8d,unknown,reference-only; review before runtime admission
archive,HeroSmash/assets/cards/legacy_093.svg,06caa59b121986a9062351d7281a1854228b3e52887ac632489e94c0b5a55ec8,unknown,reference-only; review before runtime admission
archive,HeroSmash/assets/cards/legacy_094.svg,b1b5b4ff368b93bd395d329b299c5890d6d846fbfe073f71e5703aa70d63079c,unknown,reference-only; review before runtime admission
archive,HeroSmash/assets/cards/legacy_095.svg,07d1715076165e6aaeb3d48b6063de3c5ad32f167e7ff925ce9d29d8721e308f,unknown,reference-only; review before runtime admission
archive,HeroSmash/assets/cards/legacy_096.svg,2c4ea73619ab3bc41bcaef037c70e314d5ceeb2fb88e432e439e42572d038432,unknown,reference-only; review before runtime admission
archive,HeroSmash/assets/cards/legacy_097.svg,78779af067d0e958365ca5dead90f3c9add5141320f8b870a24c3d198dc47f64,unknown,reference-only; review before runtime admission
archive,HeroSmash/assets/cards/legacy_098.svg,24e61fad313875822207677baa74257ee6ec2113bd4e18a2a1770dc62ee5d003,unknown,reference-only; review before runtime admission
archive,HeroSmash/assets/cards/legacy_099.svg,0be6d8e51aec09bc63b8c27d36d72871f3e5526b715e5eb9f01eab37b7556d79,unknown,reference-only; review before runtime admission
archive,HeroSmash/assets/cards/legacy_100.svg,23c1047b4a87c58fd76ea20b3ad0a574dc09b853bb6ae2f10b25d959bcf3c5e4,unknown,reference-only; review before runtime admission
archive,HeroSmash/assets/cards/legacy_101.svg,979f9a4908a8316891e77dca27f03782c4c27dd724a4f9b601c4656ad3ab8709,unknown,reference-only; review before runtime admission
archive,HeroSmash/assets/cards/legacy_102.svg,9b6e90330194b2b5dd0f906638f98507ad02f5b1358705c70236d958040e8887,unknown,reference-only; review before runtime admission
archive,HeroSmash/assets/cards/legacy_103.svg,16f0d9523dd5cca18e44e86de0a52ff9dd3c49a092dee460b90330606a8d4f41,unknown,reference-only; review before runtime admission
archive,HeroSmash/assets/cards/legacy_104.svg,238430a8c7a63d04f7e2958275097de8cc4c015cadc2c829f80dc1d773f9d288,unknown,reference-only; review before runtime admission
archive,HeroSmash/assets/cards/legacy_105.svg,5d8b9a06ee104201c36011c550d31e28b7698398db977da3bae2e1ff9cca362f,unknown,reference-only; review before runtime admission
archive,HeroSmash/assets/cards/legacy_106.svg,2f584fd2166504ed03e23f5553ec875bb77fe79bdbfd8520dbbe8409dbf80c16,unknown,reference-only; review before runtime admission
archive,HeroSmash/assets/cards/legacy_107.svg,6cde923a20eadba33c18462e316177b115f2e4123aa6c6e129e9e4450b616eda,unknown,reference-only; review before runtime admission
archive,HeroSmash/assets/cards/legacy_108.svg,c343123ed26a74f0fe39b9573b25bdd7604329f7288a08083a767119c40daa10,unknown,reference-only; review before runtime admission
archive,HeroSmash/assets/cards/legacy_109.svg,789d97cdbae24f7fa51e24afa47eb091fc92a95ab813a529f2be56c7bd7f4cd0,unknown,reference-only; review before runtime admission
archive,HeroSmash/assets/cards/legacy_110.svg,54f7a30369085dabe4f723a8c29307d042c30f7f08b142cdd858adc600ff5889,unknown,reference-only; review before runtime admission
archive,HeroSmash/assets/cards/legacy_111.svg,6d4157b1f9ab1c9db8e87ac64c1f964a8a1da2962f3c6d6313ee16bd751ad419,unknown,reference-only; review before runtime admission
archive,HeroSmash/assets/cards/legacy_112.svg,6b52f4cc86f10ef01b8a82f12e0689ed4f2ccda9e5daa4cb823b29a115a63b6a,unknown,reference-only; review before runtime admission
archive,HeroSmash/assets/cards/legacy_113.svg,f4c0398ae52557cd47effb6fb86ac38422bf62ae92266da7dcdbce01f04dfe75,unknown,reference-only; review before runtime admission
archive,HeroSmash/assets/cards/legacy_114.svg,22707d92e4f1101ba10941bb1dda19bf2424c7bf3ac8e979eedf48537d396d7c,unknown,reference-only; review before runtime admission
archive,HeroSmash/assets/cards/legacy_115.svg,2a3b2b10e739f0c932a547b34676384c99d39b25621b7b7b54ba746b5532e04c,unknown,reference-only; review before runtime admission
archive,HeroSmash/assets/cards/legacy_116.svg,a7e16a5e23e2f4fc2aec2f1a30605c1cc708dfa6cf71dc617d0a98956ad1cd96,unknown,reference-only; review before runtime admission
archive,HeroSmash/assets/cards/legacy_117.svg,a3fd545911975fb207fb22cc3a6fea23a723777f20d4e4727712f80ea36a5b3a,unknown,reference-only; review before runtime admission
archive,HeroSmash/assets/cards/legacy_118.svg,529f6bce6aba388466e5f24a31a61c5250da6a0c23bff2346d7a46ae842c9e0b,unknown,reference-only; review before runtime admission
archive,HeroSmash/assets/cards/legacy_119.svg,e8cde7f64041663d2a01f3454f87d82fb4df64c3d24d53b244388a8432ba0300,unknown,reference-only; review before runtime admission
archive,HeroSmash/assets/cards/legacy_120.svg,d73f701cedc882d2ef4782d3de7b4398f1fc6f8dff97c73f40b20d1e8e75b9dc,unknown,reference-only; review before runtime admission
archive,HeroSmash/assets/cards/legacy_121.svg,c6b3e1452d9c2c4fa366a93eb9c01786752b3a47b71c0dadfede01176f15fbce,unknown,reference-only; review before runtime admission
archive,HeroSmash/assets/cards/legacy_122.svg,19404e1623ac53dfc4fd59e8d6ae51e30cdb6e0d3fb0b7f7d0ad01f076b7aae6,unknown,reference-only; review before runtime admission
archive,HeroSmash/assets/cards/legacy_123.svg,bf5a3e8623ecfe733943bd4a6a0d362b3a43673a69a4fbe24ddefed308544ec0,unknown,reference-only; review before runtime admission
archive,HeroSmash/assets/cards/legacy_124.svg,b313f24d1472b4818b46cda1334b10a13a391948bb0ab279db34f5b91963c891,unknown,reference-only; review before runtime admission
archive,HeroSmash/assets/cards/legacy_125.svg,d6e17e8591f86f9a18b3e2a65bf929dd20a44f20e5e4f8252a34817725c5b604,unknown,reference-only; review before runtime admission
archive,HeroSmash/assets/cards/legacy_126.svg,bd24ec69ec123dd08a33a237c07badd32c314a2e145c5a69a09cc641ea0c2787,unknown,reference-only; review before runtime admission
archive,HeroSmash/assets/cards/legacy_127.svg,55fc9e66d4897cb70f73b4530e95573f79aac25c95f8576445896d726ba81271,unknown,reference-only; review before runtime admission
archive,HeroSmash/assets/cards/legacy_128.svg,58e7926a0d1ef4c9a064b29ab08c9107eaba77455c0e69ea02144534fd0e67c0,unknown,reference-only; review before runtime admission
archive,HeroSmash/assets/cards/legacy_129.svg,848721861ebcf7111fed086d97ad0d9b23e6cd6d306623386f33803bbb8cbb5c,unknown,reference-only; review before runtime admission
archive,HeroSmash/assets/cards/legacy_130.svg,dbb58395b1acd1d411feaf7ee3833adc1028a9ace59f103d4366a503e76e363e,unknown,reference-only; review before runtime admission
archive,HeroSmash/assets/cards/legacy_131.svg,223d595f7bc8d600f6c484eaf33688ac5bb455838f6577cc0d90f3bc1bdf8fbb,unknown,reference-only; review before runtime admission
archive,HeroSmash/assets/cards/legacy_132.svg,07961c15f868cab20a428711099a6e9b2f921f5790580f44c0bc3038141b0c97,unknown,reference-only; review before runtime admission
archive,HeroSmash/assets/cards/legacy_133.svg,eeb260c02d51c1fe1bcac65e8af2b4c6849e544727300599cf663852bcb8be7a,unknown,reference-only; review before runtime admission
archive,HeroSmash/assets/cards/legacy_134.svg,32311d962263add94e1e947f97e877606b3d51397f566e96b588d7d992aa6971,unknown,reference-only; review before runtime admission
archive,HeroSmash/assets/cards/legacy_135.svg,cd0fec41f6ef11695f3f98f4ff4be715e14b9a138f26be88a672eab12aa0b985,unknown,reference-only; review before runtime admission
archive,HeroSmash/assets/cards/legacy_136.svg,ea5afa927986deed2919a26ea236a54839bb8312a989e611a479dbd0f4a94016,unknown,reference-only; review before runtime admission
archive,HeroSmash/assets/cards/legacy_137.svg,5f67e2a83e911086d8c6d7d682dd177ff210a3067a9b2beef77f593e1235624c,unknown,reference-only; review before runtime admission
archive,HeroSmash/assets/cards/legacy_138.svg,7c8133cb5fbda3ab58e5c27f674dc5e8811b8d4d358db5f98dc121677c3771fe,unknown,reference-only; review before runtime admission
archive,HeroSmash/assets/cards/legacy_139.svg,fd2d26c8ac0ff2b18dbc84e7e46cd1c265b68130451db2e460d33e1be2e4f9df,unknown,reference-only; review before runtime admission
archive,HeroSmash/assets/cards/legacy_140.svg,99952d34d6a54cb1bf35394339e144921b816773b201dbd1254fd3db16720ff1,unknown,reference-only; review before runtime admission
archive,HeroSmash/assets/cards/legacy_141.svg,ff2957a1bb12b23645c8b25fbf6c017165bfd8975b3c1c43625368f4f2ec915e,unknown,reference-only; review before runtime admission
archive,HeroSmash/assets/cards/legacy_142.svg,a02b4fce3f581201ade11c09285450c2589d0fcc56f77fb52ce218e7a46d714e,unknown,reference-only; review before runtime admission
archive,HeroSmash/assets/cards/legacy_143.svg,85b3cba0ca1a6e1c4a261407a285353278db971e972808087948826d25ca877a,unknown,reference-only; review before runtime admission
archive,HeroSmash/assets/cards/legacy_144.svg,d08cc4b27401e5383d8d382e3ca7a587c018fedd2ba10d3b291fd722e9c36821,unknown,reference-only; review before runtime admission
archive,HeroSmash/assets/cards/legacy_145.svg,6cbbf659131b66bba4cafb284824a2b33feec4b30df05f65e68a7f8c54af50a5,unknown,reference-only; review before runtime admission
archive,HeroSmash/assets/cards/legacy_146.svg,787c90e1ca5b59422b8f7ef277068036998cad7aa389c5809dfd20878c6ed6d5,unknown,reference-only; review before runtime admission
archive,HeroSmash/assets/cards/legacy_147.svg,9398249cded46bd95fbfe17a8919f31d61753059d53109871a7268fb7e0e8546,unknown,reference-only; review before runtime admission
archive,HeroSmash/assets/cards/legacy_148.svg,111480bcb46ccd9828b72181adb7dea45ace4f4b7fb771211371748d054dd26a,unknown,reference-only; review before runtime admission
archive,HeroSmash/assets/cards/legacy_149.svg,9c94102430d9b542f6faf1bd681f7b57271f84c3793c3a258cf1611866430bf0,unknown,reference-only; review before runtime admission
archive,HeroSmash/assets/cards/legacy_150.svg,28f00e19a53cd77669d3140c15818df7e6aec4e027a51574d65d3d7030c89f25,unknown,reference-only; review before runtime admission
archive,HeroSmash/assets/cards/power_epic.svg,c4c2cf2adc718ece9d89fdf9446a54bb8960ccd182392a2421b42e874ba0baa6,unknown,reference-only; review before runtime admission
archive,HeroSmash/assets/cards/power_legendary.svg,218525466b09c945961e442a11705c02c62a1c106dabed61225633b1731739eb,unknown,reference-only; review before runtime admission
archive,HeroSmash/assets/cards/power_normal.svg,352514ddea33b4077fe1da535baf99d70a2c5356ae16f407bcda6190d5dc7d23,unknown,reference-only; review before runtime admission
archive,HeroSmash/assets/cards/precision_epic.svg,1fe1ae86375569916e6282f9550419bcd4a7e3eff75a1fae4d67036970d462ed,unknown,reference-only; review before runtime admission
archive,HeroSmash/assets/cards/precision_legendary.svg,ea6d8ffd138e44ef2e2d25f4d66ce03c96047ce0c6442673b1db0451dd7a9dd3,unknown,reference-only; review before runtime admission
archive,HeroSmash/assets/cards/precision_normal.svg,630dc2c09f71f337bf698205b574aa56a0aa1983053eafce833872169102226b,unknown,reference-only; review before runtime admission
archive,HeroSmash/assets/cards/rage_epic.svg,f2ab2013f59f888dcdb65940f00971d0100cbbb483d120e27261422a117e4001,unknown,reference-only; review before runtime admission
archive,HeroSmash/assets/cards/rage_legendary.svg,ea36a1defe26fad34e38759c34a5d22c5b9f4a47b8a80e1ea43239c38688058e,unknown,reference-only; review before runtime admission
archive,HeroSmash/assets/cards/rage_normal.svg,150e4c230b951b8a5e83f40403dd053165fcfd788182e37006fed89d8c9b9f1a,unknown,reference-only; review before runtime admission
archive,HeroSmash/assets/cards/shield_epic.svg,63158e6e287c775d9ab0047d2f0d8e50f8ca70fc8fb0a00368ff1bde09622f92,unknown,reference-only; review before runtime admission
archive,HeroSmash/assets/cards/shield_legendary.svg,8db6f664ec1c7f5aff02fc11cc7b5397fc7c814bda258b80ed1777ea70fabfdf,unknown,reference-only; review before runtime admission
archive,HeroSmash/assets/cards/shield_normal.svg,659c2d49497d3c00c93700b9c82a2739645bf4318d942300e7968620d04b7799,unknown,reference-only; review before runtime admission
archive,HeroSmash/assets/cards/toxin_epic.svg,d6edd28ecbf345910d5e89cc750773d7449fd7b16f22dadf18de377263fc5ffb,unknown,reference-only; review before runtime admission
archive,HeroSmash/assets/cards/toxin_legendary.svg,aec3ad2e832a729f25faf9b8f38646b63eccfaab2c22fed8b9e9badbc3f5fd03,unknown,reference-only; review before runtime admission
archive,HeroSmash/assets/cards/toxin_normal.svg,4f838a3d4d82b8a0b67f1d50584636978661e836bdba0d51854e086a03037d45,unknown,reference-only; review before runtime admission
archive,HeroSmash/assets/cards/wound_epic.svg,fc5486f561951486fcca643215b217c7a6e09777e9074d506eeef9e482fd4e56,unknown,reference-only; review before runtime admission
archive,HeroSmash/assets/cards/wound_legendary.svg,c0d3dbfe202186d9101a2747b6328106f7ca794196751e86c0fd118fe35fe913,unknown,reference-only; review before runtime admission
archive,HeroSmash/assets/cards/wound_normal.svg,eda7e934915c5cb1f7fe2880a32178c37e243c1a5bf4dc2c4daf5fd2e1c8d288,unknown,reference-only; review before runtime admission
archive,HeroSmash/assets/final/backgrounds/arena_bg.png,67f026abf63e4f4c21ec1cfd33e88f716acfa9267eab4d4039121d2b80c22446,unknown,reference-only; review before runtime admission
archive,HeroSmash/assets/final/backgrounds/combat_bg.png,2613f3b6b3bb3123d16ffee7ab5876f81d5ca8eba43f116b7f07f8bc405ded66,unknown,reference-only; review before runtime admission
archive,HeroSmash/assets/final/backgrounds/hero_select_bg.png,b969ca7690b70579998566f690a24539c87e46f0b99083b14437b67c2f1f700e,unknown,reference-only; review before runtime admission
archive,HeroSmash/assets/final/backgrounds/home_keyart.png,1d79e51d3bfc170a58f661706248f89c9c3e6bd32a0bc9c95a3cffe3ae3018af,unknown,reference-only; review before runtime admission
archive,HeroSmash/assets/final/backgrounds/market_bg.png,ae3813d300308ffc1bddb35cd3017e5d2465c77d437d384e75f59eb243aa083b,unknown,reference-only; review before runtime admission
archive,HeroSmash/assets/final/style/style_guide.png,093500bfc260b63cc96362754db59e6fd07bd2c0da6757971fadd1d332834a48,unknown,reference-only; review before runtime admission
archive,HeroSmash/assets/final/ui/art_bible.png,b0572020851d2785580c81e4a896c231a32fcbc7e116f7b7c461e37fba7295d6,unknown,reference-only; review before runtime admission
archive,HeroSmash/assets/final/ui/branch_sheet.png,40f01ded7b0d3e61f2918bb0a8906cae180a03068487352091ecba6d74493d26,unknown,reference-only; review before runtime admission
archive,HeroSmash/assets/final/ui/fighter_ui_sheet.png,f8d31e91e30cca702ca47df77ea852579ffd565dce1c910593eb706919723121,unknown,reference-only; review before runtime admission
archive,HeroSmash/assets/final/ui/ui_sheet.png,3858b4445e7ed97388177ce0240be4976180c73b6dab3b751a45f0be0c9c20fd,unknown,reference-only; review before runtime admission
archive,HeroSmash/assets/heroes/blackthorn.svg,d24fe500218d840fbd1d0523a1b6fa47cb0fadce594d7ead5d332df43acac82d,unknown,reference-only; review before runtime admission
archive,HeroSmash/assets/heroes/bloodthorn.svg,c940285c5f91747c7e3d011caaabf2ec5344fa5150cbf7ebfa78644ece2a0efe,unknown,reference-only; review before runtime admission
archive,HeroSmash/assets/heroes/darion.svg,03d1ad85adf6cfe014d0505d6f47497702512d38903ff39adf8dedda67234e78,unknown,reference-only; review before runtime admission
archive,HeroSmash/assets/heroes/darkbane.svg,8f2ffbb4a93585101caeeca1c5d0d96d18829dd92e217131736000084d6158a0,unknown,reference-only; review before runtime admission
archive,HeroSmash/assets/heroes/duskwhisper.svg,63f3a58c177d0f2462e44e25f59cd30af4f8ad13ad82065db1f17de934fda51f,unknown,reference-only; review before runtime admission
archive,HeroSmash/assets/heroes/emberforge.svg,ac26688ee46e23b5c1516ebb0c6f3d23135f10449306dd0de12359d92178ac60,unknown,reference-only; review before runtime admission
archive,HeroSmash/assets/heroes/fireheart.svg,16d7ce10173cfc43c94e4e16339b5b21e2a0da8a8339edd2b68bfea61f04556c,unknown,reference-only; review before runtime admission
archive,HeroSmash/assets/heroes/frostfang.svg,e809e081419bb4403e3e7914dad00f3fb01666be04051e1f9c5464a372acce6b,unknown,reference-only; review before runtime admission
archive,HeroSmash/assets/heroes/ironfist.svg,14efe3599632454d25d0893d55d4a2e7ce76d21617b41d09cda78e2c180b1c8a,unknown,reference-only; review before runtime admission
archive,HeroSmash/assets/heroes/nightshade.svg,0d27028746e95973701d143f62a185eed7aa7bf3f9313931b328742db6b6cb9e,unknown,reference-only; review before runtime admission
archive,HeroSmash/assets/heroes/shadowflame.svg,44c882bb6084dd141c4dd84329753f31d261673ae3207808435e0606c61ae0ed,unknown,reference-only; review before runtime admission
archive,HeroSmash/assets/heroes/skydancer.svg,0648345500d8c58c78881ac45c697484e5b4fd71575406b4cedd07734881bec4,unknown,reference-only; review before runtime admission
archive,HeroSmash/assets/heroes/steelbane.svg,d6024183c36c5a5758f19b267e7f324e3d6043f8a1e9e435a6459d41b771239e,unknown,reference-only; review before runtime admission
archive,HeroSmash/assets/heroes/stormblade.svg,96ff265bf071edf254e6ec7eb01263841e2f99af579594518cd4f8045a1ae42c,unknown,reference-only; review before runtime admission
archive,HeroSmash/assets/heroes/voidwalker.svg,209fc39f2852538645a8f17f4ed1662d8aca92dce8900028b25591405143798b,unknown,reference-only; review before runtime admission
archive,HeroSmash/assets/heroes/windrider.svg,1b812d02bb8f889cfd73b49b27c941144fab12e29cdc78c3e51faf1d8c484012,unknown,reference-only; review before runtime admission
archive,HeroSmash/assets/sprites/blackthorn.png,dc497386674a61ee4f00d409f9e05c01b4c775d526cf70b9dbeab99cd6c72be0,unknown,reference-only; review before runtime admission
archive,HeroSmash/assets/sprites/bloodthorn.png,a530d2de5bf9837673a6e33bb305456a5274467f3006427b550bfbad82a4e71c,unknown,reference-only; review before runtime admission
archive,HeroSmash/assets/sprites/darion.png,31c44a9e571e1e1302c37d43ea815893d5b86d40adbb10899b2d0a4a8c2c96fb,unknown,reference-only; review before runtime admission
archive,HeroSmash/assets/sprites/darkbane.png,3e062b8453039917cfdfd655fb26fdabb0f27420f8802555f751221c7ab5d9dd,unknown,reference-only; review before runtime admission
archive,HeroSmash/assets/sprites/duskwhisper.png,9c7f9a9a60d75446082d62d0bfb986d8fefcf0cfaa48e9c8d391f976ec8b4173,unknown,reference-only; review before runtime admission
archive,HeroSmash/assets/sprites/emberforge.png,24c30224ad2540bc5c6d63bc82927fef5824d1bdb6ad7c7ba4c2a038e1694bde,unknown,reference-only; review before runtime admission
archive,HeroSmash/assets/sprites/fireheart.png,c105f88ff35e53637a5ed9368fb15d27f6f501e4af08849912fd321c9cf3eab4,unknown,reference-only; review before runtime admission
archive,HeroSmash/assets/sprites/frostfang.png,8795bfea414932bc6c276dc9b65cf5c89399fc2eea9463c68c04e0d8e725e1f4,unknown,reference-only; review before runtime admission
archive,HeroSmash/assets/sprites/ironfist.png,4bc2a6a0755ea1c544878c96c88449e8671ab1d199e94ae6883ac473d28d5bc6,unknown,reference-only; review before runtime admission
archive,HeroSmash/assets/sprites/nightshade.png,6b3c2e4c233dd4b692f8a11e7c6a4193cfed57ea29278241b88d5f035322ff88,unknown,reference-only; review before runtime admission
archive,HeroSmash/assets/sprites/shadowflame.png,a12d24c57563cc0ba04bce93ecb79f296504aa5de9234d2ba3a14e6a459c82a2,unknown,reference-only; review before runtime admission
archive,HeroSmash/assets/sprites/skydancer.png,9093771e7d5be3a36d4b0adeb495106006a5db5c2e892b456dac1632f0301724,unknown,reference-only; review before runtime admission
archive,HeroSmash/assets/sprites/steelbane.png,f988ecf3c5dd2e0dfa31fcd9604b326b089decd88725544770bfe53ed8493280,unknown,reference-only; review before runtime admission
archive,HeroSmash/assets/sprites/stormblade.png,b29fe2f72cf82ae986711f00b8cea71abeb206ac8ba48e6924c48ce2def23711,unknown,reference-only; review before runtime admission
archive,HeroSmash/assets/sprites/voidwalker.png,8235d2a5769739818c15dda09a1ca0ca223bbc051f9cad39080273e115f8b07f,unknown,reference-only; review before runtime admission
archive,HeroSmash/assets/sprites/windrider.png,c643dfe441219d6caec1ab32cc46e2e26b810f0128f81c386385d5f46c991167,unknown,reference-only; review before runtime admission
archive,HeroSmash/assets/ui/battle/list_panel.png,88f9166f4a9447d811bd47706327a31d7812bb84c741ed4cacde5efd13ea7ce7,unknown,reference-only; review before runtime admission
archive,HeroSmash/assets/ui/battle/logo.png,fe3b703b1861b4d9aff924c27f6560f58883a1fc503eaa87b344f810f32c8a92,unknown,reference-only; review before runtime admission
archive,HeroSmash/assets/ui/battle/menu_button.png,b3ec2a241a4dc411557dcbfbd7c6e39a0ceec6c2a1681971171589d5693ab9ca,unknown,reference-only; review before runtime admission
archive,HeroSmash/assets/ui/battle/round_badge.png,f5b7f298dfb673a6bbd9a5940815954b1e43ae285f0dddfa1633ee1dfb00dbd1,unknown,reference-only; review before runtime admission
archive,HeroSmash/assets/ui/battle/top_panel_left.png,18d4d003d762cdd73bcc04bc78d5803fbc52abafe965c23dd5a34c2f726a6075,unknown,reference-only; review before runtime admission
archive,HeroSmash/assets/ui/battle/top_panel_right.png,1d678abec1bfe88a0230e5c7f304db5fd93049ad9beb9c7f73201221534063ef,unknown,reference-only; review before runtime admission
archive,HeroSmash/assets/ui/battle/vs_badge.png,466e97cf358628303e9adec3515df09c48eb193c6c744ce866c3c3f10e017dbd,unknown,reference-only; review before runtime admission
archive,HeroSmash/assets/ui/market/btn_cards.png,765aed62461f1a49ab6e6f09ee7c08a4e47bdf9d10c9ca6b850bb23838f31b97,unknown,reference-only; review before runtime admission
archive,HeroSmash/assets/ui/market/btn_lock.png,a127032ab6720316e739f51879e5c449d8a317afd6c74646764eec498c8189bd,unknown,reference-only; review before runtime admission
archive,HeroSmash/assets/ui/market/btn_market.png,0e4bb21941fc583875232675f62fc1636f18522856f60011e7496cf2b2843e63,unknown,reference-only; review before runtime admission
archive,HeroSmash/assets/ui/market/btn_random.png,dcb5bfe644b0ca00f18304f3c8794a9dacb9afce1ad95d49cb425102a6859f27,unknown,reference-only; review before runtime admission
archive,HeroSmash/assets/ui/market/btn_ready.png,43762375fe1ac7cfedd48f73a697b4585247f1142336ffa84391ae526147cdcd,unknown,reference-only; review before runtime admission
archive,HeroSmash/assets/ui/market/btn_reroll.png,0b52e5668fc50ace822f98ec9dfd3e1896c588db25d077beb411bdd69d818ccb,unknown,reference-only; review before runtime admission
archive,HeroSmash/assets/ui/market/btn_undo.png,a1dc1194892363206826ceacac7adaa334b48b2c0eac0dfe00396c842a003b92,unknown,reference-only; review before runtime admission
archive,HeroSmash/assets/ui/market/btn_unlock.png,0fc33aef8e0ed0d0ab4e2cc14ccd272ed34246d525558c5c7c75b7fa6b8f6072,unknown,reference-only; review before runtime admission
archive,HeroSmash/assets/ui/market/card_frame_common_double.png,3f774dc85f14df2c8db6a8e4b7fc52e4784cbd4bdcfd4c714c072e454f6b6378,unknown,reference-only; review before runtime admission
archive,HeroSmash/assets/ui/market/card_frame_common_single.png,9bb877aae20c405e5c1db984987193149a3be38654ddfed62c887423350d6e40,unknown,reference-only; review before runtime admission
archive,HeroSmash/assets/ui/market/card_frame_epic.png,3d8e86d3a6c75f064887dd29eedec9a6854de08a36981f8730c7bf60a9c27afd,unknown,reference-only; review before runtime admission
archive,HeroSmash/assets/ui/market/card_frame_legendary.png,b3fd895dad71d385686c73e721798ab1df8b06ff710a6ff673d69ddc05f04daa,unknown,reference-only; review before runtime admission
archive,HeroSmash/assets/ui/market/gold_panel.png,8e545a9fddc6288d5f68be960fc8e2ce6446730358434b1c8c99ce562428593f,unknown,reference-only; review before runtime admission
archive,HeroSmash/assets/ui/market/hero_panel.png,3711b6422d8752d55a074faf50dbd011897ec6b9245bd97ba97473f742f6acad,unknown,reference-only; review before runtime admission
archive,HeroSmash/assets/ui/market/left_standings_panel.png,bb3c23bad310d3b496ca0c550dd4480de5bea0ec8b9337b2e62610a5b0d0b5bb,unknown,reference-only; review before runtime admission
archive,HeroSmash/assets/ui/market/recap_pill.png,f729532195a090f4eec8e956191923127fd174b159c0a07d5b0e2ad56930e79b,unknown,reference-only; review before runtime admission
archive,HeroSmash/assets/ui/market/right_banned_panel.png,d7f039f38d31e9cfba14bed71fdcf52b9a39863c9c3622e8273c2def6895d812,unknown,reference-only; review before runtime admission
archive,HeroSmash/assets/ui/market/right_damage_panel.png,3db4e68786899e81f884275a5676e416960ff7e73402ba4a082209c0281c1ce7,unknown,reference-only; review before runtime admission
archive,HeroSmash/assets/ui/market/right_traits_panel.png,4de395cdece2cbbf7f723e325f46b26bf244d53a59ae4f7b9b2dd26bea449f1c,unknown,reference-only; review before runtime admission
archive,HeroSmash/assets/ui/market/top_round_badge.png,48f3065c4bfd334edd72adf8ffc68c868b5bb2cc5c5a82a2344dc69b330bb0b8,unknown,reference-only; review before runtime admission
archive,HeroSmash/previews/arena01_composite_static.png,656e85fc60a6dfa44393cd7b34cf05f97ec76e8b53ca8539f174e141a9171cad,unknown,reference-only; review before runtime admission
archive,Nuova cartella/arena01_fg_combat_floor.png.png,7218dbfe589d667649575163c5441091ae007038e6633d789ec216ee67ff81db,unknown,reference-only; review before runtime admission
archive,Nuova cartella/arena_bg.png,67f026abf63e4f4c21ec1cfd33e88f716acfa9267eab4d4039121d2b80c22446,unknown,reference-only; review before runtime admission
archive,Nuova cartella/art_bible.png,b0572020851d2785580c81e4a896c231a32fcbc7e116f7b7c461e37fba7295d6,unknown,reference-only; review before runtime admission
archive,Nuova cartella/branch_sheet.png,40f01ded7b0d3e61f2918bb0a8906cae180a03068487352091ecba6d74493d26,unknown,reference-only; review before runtime admission
archive,"Nuova cartella/ChatGPT Image 27 apr 2026, 09_41_18.png",58f997286a52e894d726bb03a56ca5cf85dc83df67c457a5879ad9c8fdbbb98b,unknown,reference-only; review before runtime admission
archive,"Nuova cartella/ChatGPT Image 27 apr 2026, 10_39_49.png",ba8e7fb8437f2755486739ce0ece4e31f5dbed64304eb04a13379bfc97a49df1,unknown,reference-only; review before runtime admission
archive,"Nuova cartella/ChatGPT Image 27 apr 2026, 16_58_02.png",057571b68ec8796e055db88af1a45a5c04caf025bc3618167863a09d02ca59b0,unknown,reference-only; review before runtime admission
archive,"Nuova cartella/ChatGPT Image 27 apr 2026, 17_16_24.png",566d7bd59b125c7ca318577f73add64e7c55c92555ea80afeb56cb04909f5811,unknown,reference-only; review before runtime admission
archive,"Nuova cartella/ChatGPT Image 27 apr 2026, 17_25_29.png",0abf8d17bf43b1f2758497dee21fbc55676a9bd9f2a6793c676c5744b3b775cd,unknown,reference-only; review before runtime admission
archive,"Nuova cartella/ChatGPT Image 27 apr 2026, 17_38_15.png",069119b4f6b4115339be683d907943dff7a61f00521a58405532a4bbf7c0eb8a,unknown,reference-only; review before runtime admission
archive,"Nuova cartella/ChatGPT Image 27 apr 2026, 17_40_02.png",8884fa6ee1961cf82279f19dae2d0185d6f0f9f92860cff65e2ce96b9c2e6b45,unknown,reference-only; review before runtime admission
archive,"Nuova cartella/ChatGPT Image 27 apr 2026, 17_41_27.png",51afcccfa3ed652dac366a37ed62402e8021e2b62f5d5541dfad7c11283b611c,unknown,reference-only; review before runtime admission
archive,"Nuova cartella/ChatGPT Image 27 apr 2026, 17_44_07.png",ceaaaeda1d71ac23332b70943943dec5197ae4493021ab3abb52d90d849b9977,unknown,reference-only; review before runtime admission
archive,"Nuova cartella/ChatGPT Image 27 apr 2026, 17_48_37.png",3963bc021a8927befb19714f15f1c0ac76151ff5126fe89ea2c9a8b3d52884bd,unknown,reference-only; review before runtime admission
archive,"Nuova cartella/ChatGPT Image 27 apr 2026, 17_51_39.png",97119fd1ecbed7d9c5d8436ddf18c6e61fcd3da6def1753dcf987add13718da0,unknown,reference-only; review before runtime admission
archive,"Nuova cartella/ChatGPT Image 27 apr 2026, 17_59_28.png",39af6fb3c03a5d303c54f323c401dfd9242dc9a5de6b022fb577a413e9764513,unknown,reference-only; review before runtime admission
archive,Nuova cartella/combat_bg.png,2613f3b6b3bb3123d16ffee7ab5876f81d5ca8eba43f116b7f07f8bc405ded66,unknown,reference-only; review before runtime admission
archive,Nuova cartella/fighter_ui_sheet.png,f8d31e91e30cca702ca47df77ea852579ffd565dce1c910593eb706919723121,unknown,reference-only; review before runtime admission
archive,Nuova cartella/hero_select_bg.png,b969ca7690b70579998566f690a24539c87e46f0b99083b14437b67c2f1f700e,unknown,reference-only; review before runtime admission
archive,Nuova cartella/home_keyart.png,1d79e51d3bfc170a58f661706248f89c9c3e6bd32a0bc9c95a3cffe3ae3018af,unknown,reference-only; review before runtime admission
archive,Nuova cartella/market_bg.png,ae3813d300308ffc1bddb35cd3017e5d2465c77d437d384e75f59eb243aa083b,unknown,reference-only; review before runtime admission
archive,Nuova cartella/style_guide.png,093500bfc260b63cc96362754db59e6fd07bd2c0da6757971fadd1d332834a48,unknown,reference-only; review before runtime admission
archive,Nuova cartella/ui_sheet.png,3858b4445e7ed97388177ce0240be4976180c73b6dab3b751a45f0be0c9c20fd,unknown,reference-only; review before runtime admission
archive,rami/Assault.png,756a969383afd3169c0c6e699f4c6348c06fb9badce118fd5bc856f4437880ee,unknown,reference-only; review before runtime admission
archive,"rami/ChatGPT Image 28 apr 2026, 16_42_26.png",ce3d1157102a8b70cd6047eaa7fc217f743d3555eab5e405b52d7ffe172a1b5b,unknown,reference-only; review before runtime admission
archive,rami/Dodge.png,bf056bd2065b970e59dbca2d2fc0fef986095ebc83cb0491a63341fa28111c7a,unknown,reference-only; review before runtime admission
archive,rami/Essence.png,7229cd343e095152a5a97671b677a0ae90b316a36b15dbe917e9cf69964791c4,unknown,reference-only; review before runtime admission
archive,rami/Guardian.png,34e7e5408a112172ed26728abba5c5de8ea8539e15c4e55d71949fa5fe9b3586,unknown,reference-only; review before runtime admission
archive,rami/Healing.png,05f6cd9dafd5dc0fed6a8a05677af9863eb3cc0f48555b8cf92baae4269e5d0d,unknown,reference-only; review before runtime admission
archive,rami/Ice.png,e4573d27e8e92e608db7cc353c7704ddf68a398ec016ca7629141459c637dffd,unknown,reference-only; review before runtime admission
archive,rami/Power.png,ba82520615c27fbda60c18073b859a31cf6e04a2787df64a7903bd4c6c278168,unknown,reference-only; review before runtime admission
archive,rami/Rage.png,010bb29ad5f1b989e313272a516e51ae998c4cf43ffd7a3b960cf2db2f6ae27d,unknown,reference-only; review before runtime admission
archive,rami/Shield.png,64dcce8d17faec268a4dedbc8dcf22f0294a976fe4df3928ac922249e1c3637c,unknown,reference-only; review before runtime admission
archive,rami/Toxin.png,bb8dc3583415a5433076cdbd9dccbd51553c4fb7d887cc41290fba455488a637,unknown,reference-only; review before runtime admission
archive,rami/Wound.png,f7c55dad546af7bc28b46bd269b747c566787f5769cc1fc9da1b53b582d76385,unknown,reference-only; review before runtime admission
archive,sheet sprite/3141981b-97dd-474a-84ba-6e7b94e00b37.png,74ea2844d74f9e977a4ea347dfe3e72168376f4a9b21374a41ae6e9c0ca1de28,unknown,reference-only; review before runtime admission
archive,"sheet sprite/ChatGPT Image 27 apr 2026, 09_59_48.png",74ea2844d74f9e977a4ea347dfe3e72168376f4a9b21374a41ae6e9c0ca1de28,unknown,reference-only; review before runtime admission
archive,"sheet sprite/ChatGPT Image 27 apr 2026, 10_03_49.png",c12669cf42a03d0562d254a585afcbb0bc73fccb1af229ddf162d25ad530c252,unknown,reference-only; review before runtime admission
archive,"sheet sprite/ChatGPT Image 27 apr 2026, 10_25_04.png",bae70c4b7e018fb20e7243388415ab191a692d88be87776d1d0736a391fc946c,unknown,reference-only; review before runtime admission
archive,sheet sprite/f3c3e6a6-f9e9-4218-9df1-b8b7a47f52f9.png,c12669cf42a03d0562d254a585afcbb0bc73fccb1af229ddf162d25ad530c252,unknown,reference-only; review before runtime admission
archive,sheet sprite/Gemini_Generated_Image_2lgroq2lgroq2lgr.png,d6da79b11e95f7953ffb75d666adfce6ed711409c3179c2dd99119bcc12d9fde,unknown,reference-only; review before runtime admission
archive,sheet sprite/Gemini_Generated_Image_qb7n5gqb7n5gqb7n.png,4feb0ddb0593b57d9c65c8b9cca217f743e4a90219b43c324f6afb1a1434c7d6,unknown,reference-only; review before runtime admission
archive,sheet sprite/Gemini_Generated_Image_scu2eescu2eescu2.png,678d237f3c938deb9132c076b3f35d4f4b0c5910b63c1dd5beec4c7328b5440c,unknown,reference-only; review before runtime admission
archive,sheet sprite/Gemini_Generated_Image_spe59sspe59sspe5.png,2b803f546d4dd6c6860c395bde26ad310a49a1eb58fd426a1cd7e30675e944f8,unknown,reference-only; review before runtime admission
archive,sheet sprite/Gemini_Generated_Image_z098zuz098zuz098.png,4fe1b3cd8d6749def47306de30acb352fae4da61b760348425101b08c8257f52,unknown,reference-only; review before runtime admission
archive,sheet sprite/Solkael.png,0323e2c2441059e554dc48695b5e7133f74d58b7f3a718d82c9fd80bb23e968d,unknown,reference-only; review before runtime admission
archive,spritesheet.png,7ec89515bcf3873329fe1ad137dbbf0408c2a6679c7298380480886ba9b2e84a,unknown,reference-only; review before runtime admission
archive,vecchio/background/background_gold.png,a30406c66c6711ca6088fb205bb0635789cf63ed69a369a4b652527a08253b31,unknown,reference-only; review before runtime admission
archive,vecchio/background/background_violet.png,9bd686c2f0507078e1b72f0948c03963edc2d2fe00270f61ebedfa1d900fd609,unknown,reference-only; review before runtime admission
archive,vecchio/immaggg/1.png,baeadad83a264f24d26d07bc56d0872c7655f591e945047de934c2ccfb61f875,unknown,reference-only; review before runtime admission
archive,vecchio/immaggg/10.png,3280b4c07676b468296fd02cba5c2a23b69651f3a914137828b1b80af89d9ae4,unknown,reference-only; review before runtime admission
archive,vecchio/immaggg/100.png,de685c9e97908f7f36402526f83e3aaf2ad2097b38c09e49b51714374c2de536,unknown,reference-only; review before runtime admission
archive,vecchio/immaggg/101.png,fa633464ca6c4f69a99b6e3d4f5de16282a292ece16ef5fb0de69bbd8f9a1368,unknown,reference-only; review before runtime admission
archive,vecchio/immaggg/102.png,5544b46ad08b6a6a6a5bc3374609e8ad2238f17d31bb856de3ae9a7b8f0b9019,unknown,reference-only; review before runtime admission
archive,vecchio/immaggg/103.png,5d4957e986486ed2ea301d315ba26d4a8bdc483e7966d4b61a87b0be66fc62c7,unknown,reference-only; review before runtime admission
archive,vecchio/immaggg/104.png,3fea0a5be6255b94f361605af103fa074f96927a4402de1701aee1768231a925,unknown,reference-only; review before runtime admission
archive,vecchio/immaggg/105.png,c6687a0010fc9e0fd4450513eb3e5b22b9533487a558ff679da60ca25704df1f,unknown,reference-only; review before runtime admission
archive,vecchio/immaggg/106.png,7b2abe2b5d8ad4c8b3d4697a77863b53d3401d58a73aa749d535bbd893d69c1e,unknown,reference-only; review before runtime admission
archive,vecchio/immaggg/107.png,587639dd1887387edac416539a58fa83d671d45a996c3d4e28110aa0f173fa49,unknown,reference-only; review before runtime admission
archive,vecchio/immaggg/108.png,9b7ca37a1307920c2c325a5be10738f2c5068d28fd9373460d7e50dcb40730db,unknown,reference-only; review before runtime admission
archive,vecchio/immaggg/109.png,866f9f5757c7200eed79cee731995dff2e1fd46f9857ce233b6eee68dc2ebd2d,unknown,reference-only; review before runtime admission
archive,vecchio/immaggg/11.png,2dad10ed43255a2ff9a5b2fdc70ef9bd9ae2db4f34cb215dcaa7e9107e3b2863,unknown,reference-only; review before runtime admission
archive,vecchio/immaggg/110.png,3ca74e9f0e4adf43aa28ba19aabe2c065bcb8bcdb261de0d1bfef2712b344c1c,unknown,reference-only; review before runtime admission
archive,vecchio/immaggg/111.png,7842e29871cb359cf55d23090b92b76f154eda5fc5a6d821f229f7a7f87ada67,unknown,reference-only; review before runtime admission
archive,vecchio/immaggg/112.png,a6d3b63514cc6e89aff93e5675ab66d34aeab250f23e27f8b36257636af8d4a7,unknown,reference-only; review before runtime admission
archive,vecchio/immaggg/113.png,332b26e3a883be2b28bcbc6f532e876890092a9e9f6ad7bac18a2b9208b28034,unknown,reference-only; review before runtime admission
archive,vecchio/immaggg/114.png,4e4656f92cd7e72201d2a008c5689865a517b75034372940d0c6ad98453f4ac9,unknown,reference-only; review before runtime admission
archive,vecchio/immaggg/115.png,e84dc70cffc79eab40831f9336a17e165cd37fc3190be534bde54c5024568608,unknown,reference-only; review before runtime admission
archive,vecchio/immaggg/116.png,ebdd9ae5a03ed585d0babd7e18c777c166435f07b249311262397040db490823,unknown,reference-only; review before runtime admission
archive,vecchio/immaggg/117.png,6b0e44e1797ff08386233c3b75eadc7e63cb4da871bde80b0575b822a6cfc867,unknown,reference-only; review before runtime admission
archive,vecchio/immaggg/118.png,531ed95a848c55c94cf5b6bf53ab2bb9ba0f728757da4877206720abdb1a2a11,unknown,reference-only; review before runtime admission
archive,vecchio/immaggg/119.png,62fd10e4241a36a7373836a26ef78ff5b111f472c2dd1bd568946fce2da3d2a1,unknown,reference-only; review before runtime admission
archive,vecchio/immaggg/12.png,9197bf29fcdb57a8ff1d0ed05c14b41721d9253adad26f9248846af7365cf8c2,unknown,reference-only; review before runtime admission
archive,vecchio/immaggg/120.png,e097d04dab9ec122926d7ff66b091385d4e8f5b80698570b4bceabb755251634,unknown,reference-only; review before runtime admission
archive,vecchio/immaggg/121.png,c9ba5627c75ae0ddc7209317a04470836727880beb537ec747e39b0c12b3ccc8,unknown,reference-only; review before runtime admission
archive,vecchio/immaggg/122.png,a17b1ae9f94386f133cf00a2a1f85c5b7f879b55a24f6198b29b659055d6061f,unknown,reference-only; review before runtime admission
archive,vecchio/immaggg/123.png,0dd76988e2adfd4a3340b510a3a6e0d3951b610933c9715e41dfb0d1c20255c3,unknown,reference-only; review before runtime admission
archive,vecchio/immaggg/124.png,246010c7ed30d63214360aa67b7c82557833866e49e6b4539af2876801a6ee06,unknown,reference-only; review before runtime admission
archive,vecchio/immaggg/125.png,f539e3db93e8656f486c6a8afc5f1bd4a88d35f67d98957ec033b508420271cc,unknown,reference-only; review before runtime admission
archive,vecchio/immaggg/126.png,60871675fe45549d74c231fa33c5432e297f28ab53d6f9056ec16af0c793cc69,unknown,reference-only; review before runtime admission
archive,vecchio/immaggg/127.png,57ab81610169a6f9e4ac8cee27e771fc4bfdbafbbf5a2cfb79314a59cc227351,unknown,reference-only; review before runtime admission
archive,vecchio/immaggg/128.png,83c160b656559e03fec44a0e6b6c6d7948b2f4caabd8bb1fa573759ee2a92753,unknown,reference-only; review before runtime admission
archive,vecchio/immaggg/129.png,fd48ca94486644c66f5ddda8b8b604eac292cc66fbb4bd5bb6d8223fc1a1af6a,unknown,reference-only; review before runtime admission
archive,vecchio/immaggg/13.png,68f970bf9671a1dbb6d7943c326212d1f0a87e486246eef5cc92b1efd46eecc9,unknown,reference-only; review before runtime admission
archive,vecchio/immaggg/130.png,8bb3d4b40c5f5fde15de5f49e94f0d882197f52fbce7dd847e5cce1246af921a,unknown,reference-only; review before runtime admission
archive,vecchio/immaggg/131.png,2c9492fdc45dd805b15d2a396baf77dde141de94119bba498de786852bd73b9a,unknown,reference-only; review before runtime admission
archive,vecchio/immaggg/132.png,97927bc48f2028c3f33c9fc00d31bb306860c99caf811e359c45aef43ec3ba14,unknown,reference-only; review before runtime admission
archive,vecchio/immaggg/133.png,65a9ce432425ae5b4834cdf6b94cbeb73d8c4eca2e1ad5358a1fa94a192db861,unknown,reference-only; review before runtime admission
archive,vecchio/immaggg/134.png,e8448f011c02e3178012abc97e19500492e2fda00a12f0ea8643ebe5aab666d4,unknown,reference-only; review before runtime admission
archive,vecchio/immaggg/135.png,bcf18edf6f8b3f0110be42e4ba266377ed869489af22f3c2468ff20cbdeceee2,unknown,reference-only; review before runtime admission
archive,vecchio/immaggg/136.png,d6a0a5948915710c0ccb1f3d191caa044a8db44d2d5e02f624360aacf04d6c8c,unknown,reference-only; review before runtime admission
archive,vecchio/immaggg/137.png,62033fc6974bc647575c52faecb16a73a66d5da3eb01dd0a68b008261bffd39d,unknown,reference-only; review before runtime admission
archive,vecchio/immaggg/138.png,06b45f8cab64568377faa1f28891434cfa0442230b89c5c7a16381111a41d009,unknown,reference-only; review before runtime admission
archive,vecchio/immaggg/139.png,12f305ae498b1adfaee4b04d2ac81a096f124a30353b896250eb27d308236e96,unknown,reference-only; review before runtime admission
archive,vecchio/immaggg/14.png,7c2aab603a73764ff092a1ddd8430aa8f15ee4845af0d291fc68c62272fb1f54,unknown,reference-only; review before runtime admission
archive,vecchio/immaggg/140.png,8bebdf8811de2a4c999906fefefc030ddb824041ecbb8624363b5f563fe4f5c8,unknown,reference-only; review before runtime admission
archive,vecchio/immaggg/141.png,d4fe023126b1580b02482337caee0b2b12480f195d30a1d19d145f4b68c7b4da,unknown,reference-only; review before runtime admission
archive,vecchio/immaggg/142.png,bbe20123b85adc942e865aad5e6c83a76a7cf9c0fdb82a2b852b48687f4ac40c,unknown,reference-only; review before runtime admission
archive,vecchio/immaggg/143.png,1850db0d974fe7919e0a4a9e17d4839bf27c56d572e86f4e00f3c1d67977510b,unknown,reference-only; review before runtime admission
archive,vecchio/immaggg/144.png,f46ff98f3c5e233d23484c45d54d4829b0c7f471b8a264b9abc2c59a1a14e82d,unknown,reference-only; review before runtime admission
archive,vecchio/immaggg/145.png,e85d9a789098922382898cb68f51eafc84478ae24e37a76f57991ee008a2370c,unknown,reference-only; review before runtime admission
archive,vecchio/immaggg/146.png,b838776f9956a5497053d9adb2f3d48c2680842868e891d16ef8cfbc33f8372d,unknown,reference-only; review before runtime admission
archive,vecchio/immaggg/147.png,40e597403c76724b51ba9d9d793d7f0cc8b67b29f2d349e87aa7b97736dc0446,unknown,reference-only; review before runtime admission
archive,vecchio/immaggg/148.png,50c4112f071f39fa9f52b198245b39afb8e7d77334d7a1ed0f7413a4603e2cfe,unknown,reference-only; review before runtime admission
archive,vecchio/immaggg/149.png,6e4240b1d31996a77ad9646f9718081b19b379e43f51eb62ed74c62570809b36,unknown,reference-only; review before runtime admission
archive,vecchio/immaggg/15.png,7005bff1170f9f26b962ef09eee1e04025bdd618dda238351fb24958638cf653,unknown,reference-only; review before runtime admission
archive,vecchio/immaggg/150.png,dec1dc3386cac5e62c0cf0bed497ba43705c1c0de2f2e97b1e471f4a94eb5919,unknown,reference-only; review before runtime admission
archive,vecchio/immaggg/16.png,77bdc3e38615656f9293353a10d0c490ea1a88583117f6686a132d1ee7a2eb5b,unknown,reference-only; review before runtime admission
archive,vecchio/immaggg/17.png,01a0a9be325abe2006e86f41070824a0d3d946488b02178011a1b2236923fc24,unknown,reference-only; review before runtime admission
archive,vecchio/immaggg/18.png,a89cd500699a5f564c1bd84fc3082c098575b7191655884bbb2758b4dbecfcbb,unknown,reference-only; review before runtime admission
archive,vecchio/immaggg/19.png,a43c5cead9f80a80bb0589335885bd0877b2344e3f50eda42b217b11d0229e0a,unknown,reference-only; review before runtime admission
archive,vecchio/immaggg/2.png,8aaa7d2ab50b5e3a01308f8b114704c6c26c3f197cf672deccb6ea3b1f3f41fd,unknown,reference-only; review before runtime admission
archive,vecchio/immaggg/20.png,97568dea687f4a7f1141b268dfa6d6d6b0d23269a9bc19b688217c7851204c55,unknown,reference-only; review before runtime admission
archive,vecchio/immaggg/21.png,a0c448a490edafe9e9692da2a015efe4874ace7761c685a85a0f9baff04c4ca4,unknown,reference-only; review before runtime admission
archive,vecchio/immaggg/22.png,f163abfc6b30fc21ebcec98310bea599d27da80d369edb1ed5a189dcdffd8787,unknown,reference-only; review before runtime admission
archive,vecchio/immaggg/23.png,c16d1fdf0b3bce127479262b92aff61e806894067d2a2317e87c876de2c8e215,unknown,reference-only; review before runtime admission
archive,vecchio/immaggg/24.png,7187f89eafff2c600f459e3d1df05c1d5ad4e1aa117fee850789291e5f7f5014,unknown,reference-only; review before runtime admission
archive,vecchio/immaggg/25.png,70722707b274a1e37c7b73e3b1935b303ae28cb88bd7faadb907e8005b6a88a5,unknown,reference-only; review before runtime admission
archive,vecchio/immaggg/26.png,c02c38512dcd8d335349b672cbf1774f5779af68ca40d67570944d19f7ab9671,unknown,reference-only; review before runtime admission
archive,vecchio/immaggg/27.png,2cd62649425ee5bc1c058d04518500a9ced8d06ea4eed946ac083320aa26ee11,unknown,reference-only; review before runtime admission
archive,vecchio/immaggg/28.png,4c02b0f224494708c4706a17898babe40d6c87b76ae2ad897fcbc92004c3cf3b,unknown,reference-only; review before runtime admission
archive,vecchio/immaggg/29.png,4d70f5a0febd9e5e172db9dba4b3e930d145a42292d6727479aca16cb267a56c,unknown,reference-only; review before runtime admission
archive,vecchio/immaggg/3.png,4000dfe2c133c6e1990b880ee70c6572e190209e2bb6d01be8524ce3e3abcb38,unknown,reference-only; review before runtime admission
archive,vecchio/immaggg/30.png,61f7aebc5059ed53059dab2b154c2919ca1da7bce5cf1185e1ac765a7fb8ed08,unknown,reference-only; review before runtime admission
archive,vecchio/immaggg/31.png,4cd298cd75e94f3e92ef17b8a22d3bb9eb3f3c5259216b21322ff10e7539edac,unknown,reference-only; review before runtime admission
archive,vecchio/immaggg/32.png,236770eff6c607b37f993741c79bf5ab758d108f604073feee1f6b7e0d257628,unknown,reference-only; review before runtime admission
archive,vecchio/immaggg/33.png,65477117728777f8ec232079c823ff1cd5df9df2c69b7a9f6ede731a44a56324,unknown,reference-only; review before runtime admission
archive,vecchio/immaggg/34.png,72a6571ba757aa74e7ac017ee854b749e1f9ae0a60d4138fc68b9c1203da6c39,unknown,reference-only; review before runtime admission
archive,vecchio/immaggg/35.png,d73e1771bb97105097796a7b8d49f8be82d155bcc6173ee961fedc369af63b65,unknown,reference-only; review before runtime admission
archive,vecchio/immaggg/36.png,ef087fc75c3d0c62a6a4c325d622f6cffb1aa38ba39aa83930bbfa07f93053ec,unknown,reference-only; review before runtime admission
archive,vecchio/immaggg/37.png,a0e2a6adaf493e40f52929cce699bcf90d279ce3f1aba5010643e1a90aedc46c,unknown,reference-only; review before runtime admission
archive,vecchio/immaggg/38.png,53be666d61b42de9d8ae09b423714d021331531cf90a909b91f111e9a92de0b8,unknown,reference-only; review before runtime admission
archive,vecchio/immaggg/39.png,352d41043ea373d9834edf167aeee97844b891519fff2634f3ad3ab2466af0e6,unknown,reference-only; review before runtime admission
archive,vecchio/immaggg/4.png,429e03b6adad5d50f5d7435b2a93df0e933770c58f65d0c0646f445c6a186cca,unknown,reference-only; review before runtime admission
archive,vecchio/immaggg/40.png,238c9a1c9a9b778f30dc301888826923b21acf9e669d94a55c43b62a389068e7,unknown,reference-only; review before runtime admission
archive,vecchio/immaggg/41.png,7d2456826c8e7ccf6792b6e0bab252296481cb7bf8bd207ad5514f93fff12e87,unknown,reference-only; review before runtime admission
archive,vecchio/immaggg/42.png,f96c301601e5893d4ecc213a897a5ec533dbafbdabd3e05db61f01aab124c30c,unknown,reference-only; review before runtime admission
archive,vecchio/immaggg/43.png,3b9e15621dbd3a0d7d3e33b18bdcfc566fe1ff35ef349a5365af95a6afa5517c,unknown,reference-only; review before runtime admission
archive,vecchio/immaggg/44.png,cfcbe842ba1fb60e7257adbe45e54168db5c421290244ef5358f03b8cf3ae0c0,unknown,reference-only; review before runtime admission
archive,vecchio/immaggg/45.png,704e681d738d966ce3511928dbb4a71ae285c3edd31fa9d561fc823075159d85,unknown,reference-only; review before runtime admission
archive,vecchio/immaggg/46.png,424ede49a075a8a984bc1bbfc5cd277eb05412d08a6cd30c48b6c5850b2da34f,unknown,reference-only; review before runtime admission
archive,vecchio/immaggg/47.png,8a43e180ad7bce892ed5534dfac640e9d5e716a07814faf04e1b2e862a58f9e6,unknown,reference-only; review before runtime admission
archive,vecchio/immaggg/48.png,33f2e367a5ed4e98ac463b6f1e8f2d881cf9769d83dbb899951476c2667e09ac,unknown,reference-only; review before runtime admission
archive,vecchio/immaggg/49.png,509e98dbc27e2b64394679ec1476738b5fffaf25f24122b31167d62b6d729f29,unknown,reference-only; review before runtime admission
archive,vecchio/immaggg/5.png,28e882ac406cc077744125768008e1fba8e1dc6e747e0a62efe911a49de7faa7,unknown,reference-only; review before runtime admission
archive,vecchio/immaggg/50.png,a7242757053e187734a7cf3d21a3433880e8ca38e9d54083147615551d78bde8,unknown,reference-only; review before runtime admission
archive,vecchio/immaggg/51.png,720257d3f447bd54de864b470bc00bb02404d0dc0ad18eab8f3220b8a7baa597,unknown,reference-only; review before runtime admission
archive,vecchio/immaggg/52.png,c8fb7acbdd3b50de95b500a8a121c8d6c64dd77f0e8177a241989a5ad1c3dbb1,unknown,reference-only; review before runtime admission
archive,vecchio/immaggg/53.png,efaadfdeefd7fffcf173af0581b502e5f45f3e1009c8335f3e62b22d53c65e15,unknown,reference-only; review before runtime admission
archive,vecchio/immaggg/54.png,bcbc8ab3d249c70fd0f090a93284f1dbb1d0690b40e2e33b81a6a753a4553d9d,unknown,reference-only; review before runtime admission
archive,vecchio/immaggg/55.png,7d36fa693a8ba24220780d7a8dc8319cd338b10a25a5de89dbbd220b42725a80,unknown,reference-only; review before runtime admission
archive,vecchio/immaggg/56.png,890aff0ed9563f8a2a114e9f5793919d6f2edb506ba150eae97fdc13fc3e0b61,unknown,reference-only; review before runtime admission
archive,vecchio/immaggg/57.png,53a9acbb211f780127d14b6bbd9e1bb8267cec0ca11a0710fd83d789fea930c6,unknown,reference-only; review before runtime admission
archive,vecchio/immaggg/58.png,5a2a311060c13fe9cc8828b2afcb0c75b281f33f3eda17d85cb7d08e0eee9ee6,unknown,reference-only; review before runtime admission
archive,vecchio/immaggg/59.png,ca8a29e4d29560498fc32b5f1a8b9876fa083a6c1b0617c45a0b01b000a0e192,unknown,reference-only; review before runtime admission
archive,vecchio/immaggg/6.png,778a77683faf4a238f76be11597e7ceec90f4d9e9eb85fb0d66929e22a8cc243,unknown,reference-only; review before runtime admission
archive,vecchio/immaggg/60.png,c104bce43b14827b7e173612c7643d962c8e883765277944d616663ca679283b,unknown,reference-only; review before runtime admission
archive,vecchio/immaggg/61.png,fae0b048fb9ff9faf918e8cee1d342f9abcfe11161ba8ae921d9be2b31532ef6,unknown,reference-only; review before runtime admission
archive,vecchio/immaggg/62.png,81c7dbed5097fe0290f9f2645c4d67a640338fa302b3da46d3f9c4dbf16832dd,unknown,reference-only; review before runtime admission
archive,vecchio/immaggg/63.png,3a5cc3f36bc55d233f257bcdd5b3b736ab14e7e3d22defc53889c3de6677001a,unknown,reference-only; review before runtime admission
archive,vecchio/immaggg/64.png,e30d148f647617610cca31ec55cffcc5c978d45907630267ab75825f07b1d244,unknown,reference-only; review before runtime admission
archive,vecchio/immaggg/65.png,916fc44a55a503e6b8a53f5c9f98aa9b256dfb9340064430299c5a0910a3fe4c,unknown,reference-only; review before runtime admission
archive,vecchio/immaggg/66.png,ef2353ece18cf44dc5ef8ac324c622c37115625d23e36f89f8f9e95660ab1d4c,unknown,reference-only; review before runtime admission
archive,vecchio/immaggg/67.png,5af7cf5ec39d46e0a4b31f6624b84602eb0a8ea63ba8a2731a2d78a282d1e80b,unknown,reference-only; review before runtime admission
archive,vecchio/immaggg/68.png,9f6c502ef8dca150f96ea63984d220f85ee654c2f2c86ec9e743e420e38cc259,unknown,reference-only; review before runtime admission
archive,vecchio/immaggg/69.png,26f6f94c3e1f2678f2efaec838385f4837498735d17182e2f3594009f0a537f5,unknown,reference-only; review before runtime admission
archive,vecchio/immaggg/7.png,b09cba4888bf78657b62448acff0db16fbf49939cf181ffe586037bec47d7497,unknown,reference-only; review before runtime admission
archive,vecchio/immaggg/70.png,e402a44f5f2d029c4147dba6ae760b99f8c580064e2c5fb9fd2ee47e6357de5e,unknown,reference-only; review before runtime admission
archive,vecchio/immaggg/71.png,cc3198cd9b24400515fcd839253179410528c89db34a0ad4861597926a83cee3,unknown,reference-only; review before runtime admission
archive,vecchio/immaggg/72.png,f0e54907740d2789fef9ad9731fbfd1c7d60d80341e02eac0092f70275cf027a,unknown,reference-only; review before runtime admission
archive,vecchio/immaggg/73.png,7a8181c74e8e38d8b10095a385fdb2e27cc3cc2b4d34e37913ba15140bb1658c,unknown,reference-only; review before runtime admission
archive,vecchio/immaggg/74.png,a6de57dece58c49cca00a1da1b06bd2596d76d1b4502d24315fc8809d9f43c11,unknown,reference-only; review before runtime admission
archive,vecchio/immaggg/75.png,99fb86dc97b9553e905ad0098f40fb710f98c2281823e8a4883983707bae7e0c,unknown,reference-only; review before runtime admission
archive,vecchio/immaggg/76.png,75ae8c2af3c38c490b3dc27d72ea50e3f9b42ea09a455ff42756a5a441ed63fb,unknown,reference-only; review before runtime admission
archive,vecchio/immaggg/77.png,ca12fcf7475fa34905d15a8e6d2303b26b8fc14cb89cc509585cd8bd4aab0a3b,unknown,reference-only; review before runtime admission
archive,vecchio/immaggg/78.png,2ac535b8457b58631a9021bd254e82ccd468c029e52f1c31f318dddf54cbdb8b,unknown,reference-only; review before runtime admission
archive,vecchio/immaggg/79.png,a26f6fecae8412c6dcde21ac6c21c67c83094aea427ae83392e56a187f531d22,unknown,reference-only; review before runtime admission
archive,vecchio/immaggg/8.png,a324bebed351206716034c12f1906eb30cfaa15e540fe2bb5e9beb0e15a27e43,unknown,reference-only; review before runtime admission
archive,vecchio/immaggg/80.png,840e79693df1c5dbecec86a13d1c7b302bdc0f38c5bd733140be5336b9bef36b,unknown,reference-only; review before runtime admission
archive,vecchio/immaggg/81.png,a88d724d0c8ff89f5976ce893b2eac09728e6406eb1484139bebce5c5fc47770,unknown,reference-only; review before runtime admission
archive,vecchio/immaggg/82.png,9b5401c5c8db730fe1079aff7d945857f74a2aed121ab01c371b9abd8e4a86cd,unknown,reference-only; review before runtime admission
archive,vecchio/immaggg/83.png,62fd10e4241a36a7373836a26ef78ff5b111f472c2dd1bd568946fce2da3d2a1,unknown,reference-only; review before runtime admission
archive,vecchio/immaggg/84.png,50ec22397020eb1fffc301b3a79a33aaaf1524d994e4585dde64b281d5dbfad3,unknown,reference-only; review before runtime admission
archive,vecchio/immaggg/85.png,2de097c9d05f8c7e458bfcdecfd3cbdcfc0bc2b3ff22ef0808b550729e9e7aa5,unknown,reference-only; review before runtime admission
archive,vecchio/immaggg/86.png,e133eda4b46dcb71bf380c2522e065d05b64601db783222cf7c336258696f30d,unknown,reference-only; review before runtime admission
archive,vecchio/immaggg/87.png,fb532b5579aa4217f57b435cc681593ca18e69049a198e87a3d8b1a8176b254d,unknown,reference-only; review before runtime admission
archive,vecchio/immaggg/88.png,d1918cfd7e5dad14169df0ea7ff15f05f1dd76b8fbe55d71e8d594cebded37c0,unknown,reference-only; review before runtime admission
archive,vecchio/immaggg/89.png,42f210ba5f2772b9daa1fc3ac4a45cb902b3e3bea731cb0729619fff9323c559,unknown,reference-only; review before runtime admission
archive,vecchio/immaggg/9.png,dca78fb980eb3417160401f4ab24e49def51fb4edfe0be4d1806cb38b284ae79,unknown,reference-only; review before runtime admission
archive,vecchio/immaggg/90.png,8310ed56ad4c7af62e9dd87aed53a20053fd0c5ffefd50965b9afd3d6a927c40,unknown,reference-only; review before runtime admission
archive,vecchio/immaggg/91.png,2aab54599f9b1ebdd5d2fa524a44f1b6009a44be3d2de379014b9bf83b97ef36,unknown,reference-only; review before runtime admission
archive,vecchio/immaggg/92.png,eb1e78084e1ba9b2807b9b2917d53b3a349848f5852fab02f35ec82d30197b70,unknown,reference-only; review before runtime admission
archive,vecchio/immaggg/93.png,abc183474af2bc5e452c91e4fc2375af1d20ddb8c9add0580c47dcc6788d7971,unknown,reference-only; review before runtime admission
archive,vecchio/immaggg/94.png,353cdc36db927c85b27df5ec730f850b9cb21164aaa8a557f309d96797876483,unknown,reference-only; review before runtime admission
archive,vecchio/immaggg/95.png,959c0799e3f1f2cb86a69905890b936a08dc8abd0a43fe88c396c484ccd3b756,unknown,reference-only; review before runtime admission
archive,vecchio/immaggg/96.png,cde76799642100a4d3c4756e4a97c2b03d3aa62d36a53f6abdd3b40bbd09a6cd,unknown,reference-only; review before runtime admission
archive,vecchio/immaggg/97.png,49a25862f3d9cd2f09dc448d5abd91b78ee6105be977f427a03ba011a4fc2ab7,unknown,reference-only; review before runtime admission
archive,vecchio/immaggg/98.png,f2688c588a64b178280f0efc39fb1a076ebdd4aea3f81957d97f2c61b33eb3a7,unknown,reference-only; review before runtime admission
archive,vecchio/immaggg/99.png,d9b08d07a68b0596580cd35d1fb44b76e1267eed87855b48d94a8fa6ea825ac6,unknown,reference-only; review before runtime admission
archive,"vecchio/immaggg/DALL·E 2024-09-26 20.54.37 - A frozen drop with a glowing yellow core, encased in light blue ice crystals; emitting a soft glow representing power infused with ice; set against a .webp",aece6075005af09bf20efa21d7e69c048238e00770068d6f480afa64cfe03613,unknown,reference-only; review before runtime admission
archive,"vecchio/immaggg/DALL·E 2024-09-26 20.54.39 - A glowing blood drop with intertwined yellow and fuchsia hues, surrounded by small blades or shards, symbolizing power and wounds; set against a dark .webp",5356630410d3bd40bdd8f224654000c87a5eb9d487fb9b3686391fd2101d55fd,unknown,reference-only; review before runtime admission
archive,"vecchio/immaggg/DALL·E 2024-09-26 20.54.45 - A stylized fortress with illuminated yellow towers, surrounded by a leather-colored aura, set against a twilight background with orange gradients; sim.webp",c5f37336caa58179ac75568fda6e91e1474b2d7751392b0cd52455a43cf16769,unknown,reference-only; review before runtime admission
archive,"vecchio/immaggg/DALL·E 2024-09-26 20.54.59 - An icon depicting a red and white archer's helmet with elegant details, a crossed arrow behind, on a lightly gold-gradient background; simple and reco.webp",8e1c17536b67ec7277df73ec44cb92a97a15909942d1793313719fa5c4bbe151,unknown,reference-only; review before runtime admission
archive,"vecchio/immaggg/DALL·E 2024-09-26 20.55.01 - A powerful vertical beam of sapphire-blue light shooting upwards, surrounded by floating runes, on a gradient background shifting between purple and m.webp",470a21246355a8bde5e5b458b89d2bb1e73aa93bd929a2c38fb4555bf0e2dd0f,unknown,reference-only; review before runtime admission
archive,"vecchio/immaggg/DALL·E 2024-09-26 20.55.04 - A magical vortex of sapphire-blue energy emitting glowing sparks, set against a dark nebulous background with faint arcane glows; detailed but simple .webp",9fb4cd410b8d1783c7f8fb40af398f4b37429122edb367d3a2eb40cb8df40119,unknown,reference-only; review before runtime admission
archive,"vecchio/immaggg/DALL·E 2024-09-26 20.55.09 - An icon depicting a red and white archer's helmet with elegant details, a crossed arrow behind, on a lightly gold-gradient background; simple and reco.webp",b2aabac6d14fad69d8abb917826ba2dcb3ca57208e7ccf7f8eed103461a9e998,unknown,reference-only; review before runtime admission
archive,"vecchio/immaggg/DALL·E 2024-09-26 20.55.14 - A magical vortex of sapphire-blue energy emitting glowing sparks, set against a dark nebulous background with faint arcane glows; detailed but simple .webp",c6ee32eaa4081ac4cf58958758beb2b68db95e4e4a9fff9bb8cab21d31442c0e,unknown,reference-only; review before runtime admission
archive,"vecchio/immaggg/DALL·E 2024-09-26 20.55.30 - A concentrated torrent of arcane energy crossing the image diagonally, with cobalt blue and luminous silver as dominant colors. The background is an a.webp",1b698c1de7ade2ba98035dc55a5a170d0a951d225036aab033b2f5da8ac4f956,unknown,reference-only; review before runtime admission
archive,"vecchio/immaggg/DALL·E 2024-09-26 20.55.33 - A powerful magical vortex at the center of the image, with arcane lightning and sparks erupting from it. The dominant colors are electric blue and dee.webp",5dc6c721a3e18ca3c5f0dc21d687200cd534f1c158e04ca1ae75a0524de5ea55,unknown,reference-only; review before runtime admission
archive,"vecchio/immaggg/DALL·E 2024-09-26 21.15.22 - A sacred flame radiating a healing aura, held by open hands. The flame glows in warm pink and gold tones, giving a sense of divine power. The backgrou.webp",1f24f7afc49d7bb479bd602614873f85d34da4eab37d530eaf5e789f39bfd8e7,unknown,reference-only; review before runtime admission
archive,"vecchio/immaggg/DALL·E 2024-09-28 12.00.48 - An imposing shield made of pure ice, adorned with crystal details and snowflake patterns. The dominant colors are ice blue, brilliant white, and shade.webp",7483ce1ca866a7cee2f9a08f429f4a6b5a4cbfaf9aa3fa386e354c002dc4f05f,unknown,reference-only; review before runtime admission
archive,"vecchio/immaggg/DALL·E 2024-09-28 12.01.18 - A shining weapon, mid-strike, emitting light and healing symbols. The dominant colors are silver, soft green, and white. The background shows a struck.webp",7e8d5ee2049c95238f460d57b6152fd3f328f1fd0e15fc8811603fa1a10ca0e2,unknown,reference-only; review before runtime admission
archive,"vecchio/immaggg/DALL·E 2024-09-28 12.01.44 - A hand offering a glowing orb or shimmering artifact. The dominant colors are bright white, gold, and light blue. The background features a beam of li.webp",1dd27c0860ad3b6a9ebb1ab776f00eb58f48568edbed12756219f2b06afdea87,unknown,reference-only; review before runtime admission
archive,"vecchio/immaggg/DALL·E 2024-09-28 12.01.54 - A concentrated explosion of pure magical energy bursting from the center. The dominant colors are deep blue, purple, and bright white. The background .webp",14ab5956ff3cdf6c2ffc45b1bbcbec619e06f1e2c26a4efdaf26b1e5462acfe1,unknown,reference-only; review before runtime admission
archive,"vecchio/immaggg/DALL·E 2024-09-28 12.02.10 - A concentrated explosion of bright magical energy shooting upward. The dominant colors are deep violet, blue, and brilliant white. The background feat.webp",900b931b67dfcf0ce211c40301a9772f1d16f00c9491970e55e7272b9363eac6,unknown,reference-only; review before runtime admission
archive,"vecchio/immaggg/DALL·E 2024-09-28 12.02.17 - A vial or flask containing a glowing bright green liquid, emitting toxic vapors. The dominant colors are toxic green, dark purple, and black. The back.webp",74cb02b9328911bb0dcdf8d3cacee765fe643404e75e44e4a3cb764938af8b9f,unknown,reference-only; review before runtime admission
archive,"vecchio/immaggg/DALL·E 2024-10-02 18.46.02 - An abstract and artistic illustration showing a heavy impact effect, with dynamic energy bursts and cracked patterns. The image should us.webp",560f7cbe0219b6e948f0b82b289205036d43668f3b856e9b6dfc57abc13a8213,unknown,reference-only; review before runtime admission
archive,"vecchio/immaggg/DALL·E 2024-10-02 19.05.47 - An image of green acid droplets floating in the air, with a misty, toxic atmosphere. The background is a bright green with swirling liqui.webp",86cb22b7093a8ea24761f67a58e4ba15d643b52a744322acce7372337b3fb07e,unknown,reference-only; review before runtime admission
archive,"vecchio/immaggg/DALL·E 2024-10-02 19.06.02 - An image of a red spear piercing through the air, leaving trails of red energy and sparks. The background is a dark red, with subtle motion lines to e.webp",4778301c441bbcb55306507e9ed51fe3047b93d04990bdb7a6abcf849b68c9d7,unknown,reference-only; review before runtime admission
archive,"vecchio/immaggg/DALL·E 2024-10-02 19.06.06 - A light blue ethereal figure casting a spell, with swirling energy forming a halo. The background is a calm blue with subtle light patterns, evoking t.webp",ea6f7c6114b1dfa3ff8be96482affdc35b6a5789bea67bc84946ecacf837dc6d,unknown,reference-only; review before runtime admission
archive,"vecchio/immaggg/DALL·E 2024-10-02 19.36.19 - An intense swirl of orange flames aggressively swirling around a central point, with realistic textures and a sense of decay or infection. The image s.webp",cc3885d07173f9c72cfcf95d8ad6aaaf1f2623d82b5c36df18492761f7a8acd7,unknown,reference-only; review before runtime admission
archive,"vecchio/immaggg/DALL·E 2024-10-02 19.36.21 - Sharp, crystalline ice shards pointing outward, with cracks forming along the surfaces and icy mist emanating from the edges. The image should feel co.webp",3318c97c64700b3df6b372b8ae5bda0ba48ee3bef725bceebd91114c91dd6330,unknown,reference-only; review before runtime admission
archive,"vecchio/immaggg/DALL·E 2024-10-02 19.36.35 - A sturdy blue guardian statue emanating a protective field. The image should be stylized with bold outlines and contrasting colors, using a similar st.webp",457ae2c24ecff82bd2dac4028a9161ad471eada3108d85523b1ea886784260c2,unknown,reference-only; review before runtime admission
archive,"vecchio/immaggg/DALL·E 2024-10-02 19.36.38 - A fiery red sword slashing through the air, with red sparks and energy trails following the blade’s motion. The image should be stylized with bold out.webp",47fbcf5a03f4bfaad6c146105d4b5eeaeff28b314a786276b17b5a30e85c653f,unknown,reference-only; review before runtime admission
archive,"vecchio/immaggg/DALL·E 2024-10-02 19.36.43 - A radiant green shield with transparent sections, surrounded by a halo of green light. The image should be stylized with bold outlines and contrasting.webp",6f74812c138b48f0446499b195d1771f0c7120b5bac39dcb08eea976f9a5d2dd,unknown,reference-only; review before runtime admission
archive,"vecchio/immaggg/DALL·E 2024-10-02 19.36.52 - Roaring flames of red and orange, dancing upwards in a chaotic manner, with textures showing decay and infection spreading through the fire. The backg.webp",9c090352c845459013734f9a7cadbc2939db6d2cde4c1ce3947fb81a6e074c3f,unknown,reference-only; review before runtime admission
archive,"vecchio/immaggg/DALL·E 2024-10-02 19.40.33 - Jagged violet lines cutting across the canvas, with small violet particles emanating from the cuts. The image should show cracks forming along the lin.webp",6e1a743851609fd6c4a0288b4ab446ee867bde84752ee2c97f4d661c9524b5ee,unknown,reference-only; review before runtime admission
archive,"vecchio/immaggg/DALL·E 2024-10-02 19.42.04 - A dark purple energy sphere radiating waves of force, with realistic textures and a sense of infection spreading through the energy. The image should .webp",6fc2b2e00cb330b151cda3b9132480baa9808707ad97ca95ff62b1c647af8831,unknown,reference-only; review before runtime admission
archive,"vecchio/immaggg/DALL·E 2024-10-02 19.44.02 - A blue guardian figure standing firm, with cracks forming along the armor and small particles of energy leaking out. The image should show realistic t.webp",cd9da1fe1f50d0aa1aac52a9b2df5336f96493fe5483ca0e7cceb5774a019edc,unknown,reference-only; review before runtime admission
archive,"vecchio/immaggg/DALL·E 2024-10-02 19.44.09 - Golden rings converging on a bright target point, with cracks forming along the rings and small particles of energy emanating outwards. The image shou.webp",3d8ee878ae938bc526cf40c19d980c295c64c0fdaed7756eac9b0f7e2ab036b5,unknown,reference-only; review before runtime admission
archive,"vecchio/immaggg/DALL·E 2024-10-02 19.47.05 - An ethereal light blue wave flowing gently, with cracks forming along the energy and small particles of light emanating. The image should show realist.webp",86d34d804258ad1eaa1d705245fb871cf8770662faa7475a8a3647785c5dfb9b,unknown,reference-only; review before runtime admission
archive,vecchio/immaggg/DALL·E 2024-10-02 19.47.07 - An intense swirl of blue energy with sharp ice crystals forming jagged shapes. The image should show cracks forming along the ice and small particles .webp,ee8fc43b692a55834b8dd290344f125d6ab1c65c9851c6ae067a2550e4e83bad,unknown,reference-only; review before runtime admission
archive,"vecchio/immaggg/DALL·E 2024-10-02 19.47.09 - Roaring blue flames dancing upwards in a chaotic manner, with cracks forming along the fire and infected elements spreading through. The image should .webp",96ddba71ec0ab433b6abb84d8c41bcbdec99c10e6968ad0e75f8fcfdbde9c632,unknown,reference-only; review before runtime admission
archive,"vecchio/immaggg/DALL·E 2024-10-02 19.47.11 - A green barrier forming a dome shape, with cracks forming along the barrier and small particles of energy leaking out. The image should show realistic.webp",1c1afb546698151e632c538ed26a1b1e52de821e24a64fbfa0c07765fbc1f23b,unknown,reference-only; review before runtime admission
archive,"vecchio/immaggg/DALL·E 2024-10-02 19.47.14 - Sharp, crystalline ice shards pointing outward, with cracks forming along the surfaces and infected elements spreading through the ice. The image shou.webp",71dffc8e96f7a3007f5d438ee71bebad4e55cfa75e29377f0d48c48cc5e91302,unknown,reference-only; review before runtime admission
archive,"vecchio/immaggg/DALL·E 2024-10-02 19.47.15 - Golden arrows converging on a bright target point, with cracks forming along the arrows and small particles of energy leaking out. The image should sh.webp",a6379ecd137ea1688a8e3849aa14a964cd7373144d09de9a9d920f30d5d94fd9,unknown,reference-only; review before runtime admission
archive,"vecchio/immaggg/DALL·E 2024-10-02 19.47.18 - A swirling mass of blue fire with chaotic tendrils of flame, cracks forming along the edges, and infected elements spreading through the energy. The i.webp",fa875090aa0419aa01a918c945a3e009fd237b53181dee33591c67e3a2633360,unknown,reference-only; review before runtime admission
archive,"vecchio/immaggg/DALL·E 2024-10-02 19.47.20 - An intense swirl of orange flames aggressively swirling around a central point, with realistic textures and cracks forming along the flames. The image.webp",0f381039d7a111894d0f1bb81a0d1adac13d844f9034f784c7221c5e97b18410,unknown,reference-only; review before runtime admission
archive,vecchio/immaggg/DALL·E 2024-10-02 19.50.18 - A fiery red sword with cracks forming along the blade and small embers emanating from the motion. The image should show realistic textures and a sense.webp,bacbc4abd729f10dcb923f6643b80c316aa50563eeff2142aadf04d7b9f35621,unknown,reference-only; review before runtime admission
archive,"vecchio/immaggg/DALL·E 2024-10-02 20.23.47 - A green poison vial with cracks forming along the glass, dripping toxic liquid and small particles emanating from the vial. The image should show real.webp",e89346685c978a53fa88467a89cefbd62bc2512e5032216540e6f37a2a4b34a8,unknown,reference-only; review before runtime admission
archive,vecchio/immaggg/frost_strike.jpeg,e4ce723d9c42cd09b7e06b2082f1a8d5bfd43197ced45c13bae0e4734d3f3e90,unknown,reference-only; review before runtime admission
archive,vecchio/level/lv1_epic.png,0c3e116ca4a263af8289631f3b169830c2fd378d6fa496c39de3f86ac65dbcb6,unknown,reference-only; review before runtime admission
archive,vecchio/level/lv1_normal.png,bf23611f31b47a85879b4fb2c3e1fb3d2b9ba7b5c9a4ce4d7743d83d65c9fb0d,unknown,reference-only; review before runtime admission
archive,vecchio/level/lv2_epic.png,d34cac7082eb89abd670c654124b507188b2a9121263f0f0c5ab71b98fe170b2,unknown,reference-only; review before runtime admission
archive,vecchio/level/lv2_normal.png,a68d2351ae5575de6d8301b76b613f014bc31b20b9ecc0b9f183b328d6d35e43,unknown,reference-only; review before runtime admission
archive,vecchio/level/lv3_epic.png,63031c99d46d78ace205da47f2aacfb2bff4cc589315fa1299524a20355a3351,unknown,reference-only; review before runtime admission
archive,vecchio/level/lv3_normal.png,f8b6f1cf96207d0436102245e604a7f48192d661dbb4c18b27309c10b0907440,unknown,reference-only; review before runtime admission
archive,vecchio/level/lv4_normal.png,314c5131205439482ac38b3a193e513ef8cde55e06804928dfa422393d403b38,unknown,reference-only; review before runtime admission
archive,vecchio/level/lv5_normal.png,1e01f4b1b984c23af859b17cb01b226679936c8011fb01fb641ea1d5beaa2f4e,unknown,reference-only; review before runtime admission
archive,vecchio/level/lv_legendary.png,d9301705d297a172c2599680ab1f5d456237768b569c9b6ca0ba5262648cfc26,unknown,reference-only; review before runtime admission
