path,target_path,bytes,sha256,working_sha256,classification,disposition,notes
.gitignore,.gitignore,1567,fc5c934ea9822c9b2d6af708be82218ae00d6ff53529ba390173ccab24007c9e,86f78f1c13bd5de8e428546c6672768e95ca4d5c096665dde219c63763bc8caf,reference,keep,project governance or historical documentation; target identifies retention
AGENTS.md,AGENTS.md,4071,0374318d0f91614fbd43af6c98b1c89d20ea8c254a104ac142a8c8759e7a6296,0374318d0f91614fbd43af6c98b1c89d20ea8c254a104ac142a8c8759e7a6296,reference,keep,project governance or historical documentation; target identifies retention
ARCHITECTURE.md,ARCHITECTURE.md,4842,5acfb87d2fa993c05cd0eb7d33c991e704b091c39bfd286e734f6e3c0e27e6ef,5acfb87d2fa993c05cd0eb7d33c991e704b091c39bfd286e734f6e3c0e27e6ef,reference,keep,project governance or historical documentation; target identifies retention
PATCH_NOTES_ARENA_FLOW_HERO_DRAFT_v1_8.md,legacy/web-prototype/PATCH_NOTES_ARENA_FLOW_HERO_DRAFT_v1_8.md,800,d52cc563ec9f67919c75a2a4ae52292b6ce43c18267e17a3890c3de40fafbffe,066a27ae406da8b69dc089117fc5a7e96acc811aad388024e2b7f346e0b092cf,reference,git-mv,project governance or historical documentation; target identifies retention
PATCH_NOTES_BLANK_UI_ASSETS_CLEANUP_v1_12_3.md,legacy/web-prototype/PATCH_NOTES_BLANK_UI_ASSETS_CLEANUP_v1_12_3.md,516,ffad544706f7e280b89b588d1d44ce89fdaca9d415808ec72864df8192ccd631,8a7031e5eb2702fb31c9827e8de6dc0b84db1de036ce3aa58c7abbc1c7020390,reference,git-mv,project governance or historical documentation; target identifies retention
PATCH_NOTES_HERO_DRAFT_DIRECT_REPLACEMENT_v1_14_3.md,legacy/web-prototype/PATCH_NOTES_HERO_DRAFT_DIRECT_REPLACEMENT_v1_14_3.md,735,7f7865b95daac241ea7bccd38c87c8e7bf68ede3ae0dda2d1a64de0ba49a3844,891c5eb67e30c9d5d227534e9652438fcc5fee2f9532c49d1a09712de44c3ee0,reference,git-mv,project governance or historical documentation; target identifies retention
PATCH_NOTES_HERO_DRAFT_FULL_REPLACEMENT_v1_14_2.md,legacy/web-prototype/PATCH_NOTES_HERO_DRAFT_FULL_REPLACEMENT_v1_14_2.md,792,a3b853640a90a86902abcc63f4426b0ff6d5429a68f8f6b1ab94133ed5c60dc1,98faab694d4e2c25cc641bcc2be6ee5ed79166d0bde67480d6d4a6a5d4d60ab4,reference,git-mv,project governance or historical documentation; target identifies retention
PATCH_NOTES_HERO_DRAFT_TIMER_v1_14_1.md,legacy/web-prototype/PATCH_NOTES_HERO_DRAFT_TIMER_v1_14_1.md,590,7de6b6ae6eb178a445c4667c7eed90e89b9db98b7cfbc31cff50e520785f9746,9ba2cbb149249d761c25faa7e5d16ddd0446611db62fc5ed6d6c356dde2a6e13,reference,git-mv,project governance or historical documentation; target identifies retention
PATCH_NOTES_HERO_SELECT_REDESIGN_v1_14_0.md,legacy/web-prototype/PATCH_NOTES_HERO_SELECT_REDESIGN_v1_14_0.md,612,2c3459dabd3752284974c9d417efe32359038625b5b6d941a67fb24f224d4666,22dbbca65770ab7128c57ed99447d1d8826f45bb45bb35313c948ac7b5e13c54,reference,git-mv,project governance or historical documentation; target identifies retention
PATCH_NOTES_HOME_LAYOUT_POLISH_v1_13_1.md,legacy/web-prototype/PATCH_NOTES_HOME_LAYOUT_POLISH_v1_13_1.md,548,d058d53143d8d69103f8052558fb36f52f21861d54b9b528e29847e0ce355e19,a2bd0f3be7129cd9197d45c43a7d1bff4d45053b26d2530142a4dc5b551f2614,reference,git-mv,project governance or historical documentation; target identifies retention
PATCH_NOTES_LATEST_MARKET_UI_FIXES_v1_12_4.md,legacy/web-prototype/PATCH_NOTES_LATEST_MARKET_UI_FIXES_v1_12_4.md,859,4dc3106b7b1a154256a6c950789d417a66a0a3e84364a96c73ee5823be3c79a0,46783ce2f79d2a6284d474e1803cc68882f49d180eb2e8ab13e56fdd67311b6e,reference,git-mv,project governance or historical documentation; target identifies retention
PATCH_NOTES_MARKET_ACTIONS_POLISH_v1_11.md,legacy/web-prototype/PATCH_NOTES_MARKET_ACTIONS_POLISH_v1_11.md,834,be0480ebba2f0361af1fe944b8be5238bc190be25a05f219aa9c55d0d94ab2ec,da8472c5f8f7214b1377e9ede0d8bdf2f103937189f5687ff18c52d181db9f97,reference,git-mv,project governance or historical documentation; target identifies retention
PATCH_NOTES_MARKET_READABILITY_CARD_INSPECT_v1_10.md,legacy/web-prototype/PATCH_NOTES_MARKET_READABILITY_CARD_INSPECT_v1_10.md,1383,f00d9bb8cd63b171ab92e699767e878ff1e8e2cffd7723a039e36d6df10516a1,3d9f692f37f5b56aae5f92ee4d98474b79f6d84118508d6a05b9266f2669154d,reference,git-mv,project governance or historical documentation; target identifies retention
PATCH_NOTES_MARKET_UI_ASSET_INTEGRATION_v1_12_1.md,legacy/web-prototype/PATCH_NOTES_MARKET_UI_ASSET_INTEGRATION_v1_12_1.md,428,92b880dcc335382f269d5a751e976cb0cc892053e1049e8f16add362f8d2385b,dc2cb6801e1a3572cbe41aa92489c5e3ba1ab8c055a64b7bc66639760f47c528,reference,git-mv,project governance or historical documentation; target identifies retention
PATCH_NOTES_MARKET_UI_RESKIN_v1_12.md,legacy/web-prototype/PATCH_NOTES_MARKET_UI_RESKIN_v1_12.md,645,076ba4630f81408b0b08862c1826e1a6d04b5f7e5471ab46ca2e5866b4a2b7e9,78a14e942883754733347c65323fdcd3468f2f3108381798dfe5561390d81389,reference,git-mv,project governance or historical documentation; target identifies retention
PATCH_NOTES_MOBILE_HOME_HUB_v1_13_0.md,legacy/web-prototype/PATCH_NOTES_MOBILE_HOME_HUB_v1_13_0.md,655,bf54b343380b7e6eb79df34e961c27e0fb44761cef4d582865fe1085ad738bf4,98f5217942c0086370677e691e64e20891e004e67d38ab31a71477b9e3654d6d,reference,git-mv,project governance or historical documentation; target identifies retention
PATCH_NOTES_NO_CARD_SELLING_v1_11_1.md,legacy/web-prototype/PATCH_NOTES_NO_CARD_SELLING_v1_11_1.md,393,1f4d471745f4bb4aa4610961b311b636b6ba46ef5595a3b631ad27793135e5f0,27ebd27844d268420d3c6529fdbb742ec896855bf2680339e41b57b191d2c07f,reference,git-mv,project governance or historical documentation; target identifies retention
PATCH_NOTES_ROUND_RECAP_OVERLAY_v1_9.md,legacy/web-prototype/PATCH_NOTES_ROUND_RECAP_OVERLAY_v1_9.md,813,35875044893c7f27be9aa2f2df11d8c7462a749369ae6d4b90e712fd0b23536e,927fce5c00929bf5db435e2acd1647f0c9e8d2806326c2be55d231e62056eb5e,reference,git-mv,project governance or historical documentation; target identifies retention
PATCH_NOTES_v1_12_10_MARKET_RANDOM_ASSET_WIRING.md,legacy/web-prototype/PATCH_NOTES_v1_12_10_MARKET_RANDOM_ASSET_WIRING.md,448,27ea891f2f76fb674e799450f66cd1e8650bea7ca9beefb5f16f83a1cdc30a6b,2fd9cc102335811cde1d570d912640ed4026c5a7007890bc487695ceb9401016,reference,git-mv,project governance or historical documentation; target identifies retention
PROJECT_MASTER.md,PROJECT_MASTER.md,7204,06144d812f6a29053f2149669848d6348a37585c6398bc937ec371cc71cd15cb,06144d812f6a29053f2149669848d6348a37585c6398bc937ec371cc71cd15cb,reference,keep,project governance or historical documentation; target identifies retention
PROJECT_STATE.md,PROJECT_STATE.md,4382,5a1c42cf29051a274d85ecc3d0fc54aa949835ab88fb33c951e500eb16ed1308,5a1c42cf29051a274d85ecc3d0fc54aa949835ab88fb33c951e500eb16ed1308,reference,keep,project governance or historical documentation; target identifies retention
README.md,legacy/web-prototype/README.md,41786,6935189b16e312fc01afe10a11427c18be2b040b6e8afa08963d58857bed5e3c,7cfd4303515f1bc42e0639fd29ef51f8e431f14da2b6b385afb5cefe6398e2fc,reference,git-mv,project governance or historical documentation; target identifies retention
art/blender/README.md,art/blender/README.md,333,0579110ad1149aff8e4baaa33a5884047ddc7bc92c0d974c3b0e0c0e2f10a757,0579110ad1149aff8e4baaa33a5884047ddc7bc92c0d974c3b0e0c0e2f10a757,reference,keep,project governance or historical documentation; target identifies retention
art/exports/arenas/.gitkeep,art/exports/arenas/.gitkeep,0,e3b0c44298fc1c149afbf4c8996fb92427ae41e4649b934ca495991b7852b855,e3b0c44298fc1c149afbf4c8996fb92427ae41e4649b934ca495991b7852b855,reference,keep,project governance or historical documentation; target identifies retention
art/exports/characters/.gitkeep,art/exports/characters/.gitkeep,0,e3b0c44298fc1c149afbf4c8996fb92427ae41e4649b934ca495991b7852b855,e3b0c44298fc1c149afbf4c8996fb92427ae41e4649b934ca495991b7852b855,reference,keep,project governance or historical documentation; target identifies retention
art/exports/props/.gitkeep,art/exports/props/.gitkeep,0,e3b0c44298fc1c149afbf4c8996fb92427ae41e4649b934ca495991b7852b855,e3b0c44298fc1c149afbf4c8996fb92427ae41e4649b934ca495991b7852b855,reference,keep,project governance or historical documentation; target identifies retention
assets/arenas/arena01_beast_crucible/arena01_bg_mountains.png,legacy/web-prototype/assets/arenas/arena01_beast_crucible/arena01_bg_mountains.png,1947207,ac13c432168406b0b243b09f092a382ef71a5f55ff093fa2b9d4bd2396d367d0,ac13c432168406b0b243b09f092a382ef71a5f55ff093fa2b9d4bd2396d367d0,reference,git-mv,production candidate only after rights and visual review
assets/arenas/arena01_beast_crucible/arena01_bg_sky.png,legacy/web-prototype/assets/arenas/arena01_beast_crucible/arena01_bg_sky.png,4379555,00ffe151a38af94b256e201de551a0c537c6f38f29f8710d6f45d1bce3e13e9f,00ffe151a38af94b256e201de551a0c537c6f38f29f8710d6f45d1bce3e13e9f,reference,git-mv,production candidate only after rights and visual review
assets/arenas/arena01_beast_crucible/arena01_fg_combat_floor.png,legacy/web-prototype/assets/arenas/arena01_beast_crucible/arena01_fg_combat_floor.png,2321519,f2cb148b1f25ed72ed4fe5ebdacb500e11d44da767603c02845c9976a00e4766,f2cb148b1f25ed72ed4fe5ebdacb500e11d44da767603c02845c9976a00e4766,reference,git-mv,production candidate only after rights and visual review
assets/arenas/arena01_beast_crucible/arena01_mg_back_architecture.png,legacy/web-prototype/assets/arenas/arena01_beast_crucible/arena01_mg_back_architecture.png,4107537,eedd9031fdfb265781a76f0fb26a4da5b5ead57cb9edbac850c8d18de40a922d,eedd9031fdfb265781a76f0fb26a4da5b5ead57cb9edbac850c8d18de40a922d,reference,git-mv,production candidate only after rights and visual review
assets/arenas/arena01_beast_crucible/arena01_mg_crystal_core.png,legacy/web-prototype/assets/arenas/arena01_beast_crucible/arena01_mg_crystal_core.png,1072702,ae9422a824b1e815f7343b1be6b8a7fdd0f922faa3a52dd9e9144c64deda34d4,ae9422a824b1e815f7343b1be6b8a7fdd0f922faa3a52dd9e9144c64deda34d4,reference,git-mv,production candidate only after rights and visual review
assets/branches/assault.png,legacy/web-prototype/assets/branches/assault.png,127656,02369e4b32693776c13cb482832d867c06f63af90ccf958718e1546c4e8b3abf,02369e4b32693776c13cb482832d867c06f63af90ccf958718e1546c4e8b3abf,reference,git-mv,production candidate only after rights and visual review
assets/branches/dodge.png,legacy/web-prototype/assets/branches/dodge.png,102578,97d62eb75938bb00b8d191f66be7d715fdb9c2637b4e7583830a281cb55940a2,97d62eb75938bb00b8d191f66be7d715fdb9c2637b4e7583830a281cb55940a2,reference,git-mv,production candidate only after rights and visual review
assets/branches/essence.png,legacy/web-prototype/assets/branches/essence.png,94382,d94c4ebf872fa1f7d54ead722f2208aaf1f717b2bf1105dfb6f4cd04d8ad2e18,d94c4ebf872fa1f7d54ead722f2208aaf1f717b2bf1105dfb6f4cd04d8ad2e18,reference,git-mv,production candidate only after rights and visual review
assets/branches/guardian.png,legacy/web-prototype/assets/branches/guardian.png,138651,9719483ecdf1d55d139d86a739a8521d7ebcfa4ba152e2523268a679e2397098,9719483ecdf1d55d139d86a739a8521d7ebcfa4ba152e2523268a679e2397098,reference,git-mv,production candidate only after rights and visual review
assets/branches/healing.png,legacy/web-prototype/assets/branches/healing.png,102370,0272611840674b2387666c7619e12c38441a0b75e607177d1e239725aee19b3f,0272611840674b2387666c7619e12c38441a0b75e607177d1e239725aee19b3f,reference,git-mv,production candidate only after rights and visual review
assets/branches/ice.png,legacy/web-prototype/assets/branches/ice.png,128115,3be4f8f5cd96bec50204d5dc40975244ab349e4e69372aae517fed6fc89c019d,3be4f8f5cd96bec50204d5dc40975244ab349e4e69372aae517fed6fc89c019d,reference,git-mv,production candidate only after rights and visual review
assets/branches/power.png,legacy/web-prototype/assets/branches/power.png,97528,4c4f14e96a85f4e742086b0549f5b4e2493f3b9d780f3c40031ee0d2155f7b3e,4c4f14e96a85f4e742086b0549f5b4e2493f3b9d780f3c40031ee0d2155f7b3e,reference,git-mv,production candidate only after rights and visual review
assets/branches/precision.png,legacy/web-prototype/assets/branches/precision.png,107945,9193f6f5622b5318df376ee281bf56df06a6beec4b0583ec4a15cae5370ff77f,9193f6f5622b5318df376ee281bf56df06a6beec4b0583ec4a15cae5370ff77f,reference,git-mv,production candidate only after rights and visual review
assets/branches/rage.png,legacy/web-prototype/assets/branches/rage.png,71108,6bb0b132f2e7ee1e071f206d2cc11363636793e38a8500bc09ac75201c3f703c,6bb0b132f2e7ee1e071f206d2cc11363636793e38a8500bc09ac75201c3f703c,reference,git-mv,production candidate only after rights and visual review
assets/branches/shield.png,legacy/web-prototype/assets/branches/shield.png,111960,9c7d6b4c61c48da99535843702c6b8bf0d053bf327c2d8698e7d02ac4c8a69ea,9c7d6b4c61c48da99535843702c6b8bf0d053bf327c2d8698e7d02ac4c8a69ea,reference,git-mv,production candidate only after rights and visual review
assets/branches/toxin.png,legacy/web-prototype/assets/branches/toxin.png,130625,34ac046eb05d22fb9b3ba3fc569e7e54329e83e3af6943d7f5c47998163e8d17,34ac046eb05d22fb9b3ba3fc569e7e54329e83e3af6943d7f5c47998163e8d17,reference,git-mv,production candidate only after rights and visual review
assets/branches/wound.png,legacy/web-prototype/assets/branches/wound.png,63599,ffe4a06fe433961464111e205c4d6ffd49f3aa1623f71c3024fb9f2f5e4c9b9d,ffe4a06fe433961464111e205c4d6ffd49f3aa1623f71c3024fb9f2f5e4c9b9d,reference,git-mv,production candidate only after rights and visual review
assets/cards/assault_epic.svg,legacy/web-prototype/assets/cards/assault_epic.svg,2232,263055cfe972b5760fe31134e83a805416d5b3a1c383a98a6edb5422f0f53762,a6c68b599c2e9629425fe65d18601c1773b126038615a0eaa7bf8106c8695c59,generated-asset,git-mv,prototype placeholder; retain for behavior oracle
assets/cards/assault_legendary.svg,legacy/web-prototype/assets/cards/assault_legendary.svg,2029,1f6cdf4861805920f857352ac9e780949d8473637eb7f4316d861ee525a6b151,5e82b74b379d232ef5d488b7ea929e3e102937b04f029be5e3ad8b91d21832ce,generated-asset,git-mv,prototype placeholder; retain for behavior oracle
assets/cards/assault_normal.svg,legacy/web-prototype/assets/cards/assault_normal.svg,2022,d00fa3890a7fee04ba0c18c1bb391646c018c94938793d0bde9038409d8eee3a,172bd0ac2626653e0633cec375923dc919cadd1ad6832ab5aeacf08eb10efbc4,generated-asset,git-mv,prototype placeholder; retain for behavior oracle
assets/cards/dodge_epic.svg,legacy/web-prototype/assets/cards/dodge_epic.svg,2223,013e5300a0eaed1d13ea1f0ea4a90ebaa308f2322a04a1e0ea560948f9ce77c0,67bb7ab925ce43f1c6f559dbf3bb4b6c820952b31e25840bbb76f21094b15cdf,generated-asset,git-mv,prototype placeholder; retain for behavior oracle
assets/cards/dodge_legendary.svg,legacy/web-prototype/assets/cards/dodge_legendary.svg,2018,8dea23ae118309daa79b978ed14cd9548b7315bf94f6cdae18aab3c93cd498c5,3a478eeb7cf6f0c72b247bd86c8f08a790af958dec640db21b413f88457dc0c4,generated-asset,git-mv,prototype placeholder; retain for behavior oracle
assets/cards/dodge_normal.svg,legacy/web-prototype/assets/cards/dodge_normal.svg,2015,5c4a5bf0b516088402ee222a2b9579dd9b1c5c40baefeaf5bcabb9328944f259,f3ea5675985fd222ba745620b7a118fe35365364f2abb403e12c14dd4eecb15f,generated-asset,git-mv,prototype placeholder; retain for behavior oracle
assets/cards/essence_epic.svg,legacy/web-prototype/assets/cards/essence_epic.svg,2215,85b001779b17aac2822c04fb5917384bdd489feabef97cf9df09abdf23150ceb,afc413487b232b51d784db5acb1c466d83a34e5c43c27af16e6503ebc1dcc891,generated-asset,git-mv,prototype placeholder; retain for behavior oracle
assets/cards/essence_legendary.svg,legacy/web-prototype/assets/cards/essence_legendary.svg,2003,d6bb64a27856de0b1bbe2e6a475367be61ef5a3b6d1e2b12a6940ae11d7f30f5,11517215d499f9ec5e0c4e5dc4b5e35348a47a36039a9a572af99e87b3e513e0,generated-asset,git-mv,prototype placeholder; retain for behavior oracle
assets/cards/essence_normal.svg,legacy/web-prototype/assets/cards/essence_normal.svg,2005,5e5f13f26007e0a965dbb549d7e1419cd4e45dcad24520d419c84da4c63328e0,3f681cb14ad7b38d8780ea23a91a20df64bf802a2f0b7217185cac7c69501ae3,generated-asset,git-mv,prototype placeholder; retain for behavior oracle
assets/cards/frames/epica.png,legacy/web-prototype/assets/cards/frames/epica.png,145340,8d513d9e9405a85547d244ef0938de0d5ad59803b8b63bca401d52b5e8166cd5,8d513d9e9405a85547d244ef0938de0d5ad59803b8b63bca401d52b5e8166cd5,reference,git-mv,production candidate only after rights and visual review
assets/cards/frames/leggendaria.png,legacy/web-prototype/assets/cards/frames/leggendaria.png,149883,936c76da2319d19308206b558d2ee6fa7a744e4e0f1a25ddaf03de30c5177d68,936c76da2319d19308206b558d2ee6fa7a744e4e0f1a25ddaf03de30c5177d68,reference,git-mv,production candidate only after rights and visual review
assets/cards/frames/normale_1.png,legacy/web-prototype/assets/cards/frames/normale_1.png,126927,8b8469fb7ac466164ccf91de6eee8a71945045f6b3532b6e8e1ec8e7f44774ca,8b8469fb7ac466164ccf91de6eee8a71945045f6b3532b6e8e1ec8e7f44774ca,reference,git-mv,production candidate only after rights and visual review
assets/cards/frames/normale_2.png,legacy/web-prototype/assets/cards/frames/normale_2.png,136392,46de8e151824a1b8d200dfb6a18c15580a84a2540d243ca8eccbcf8b2b7168d2,46de8e151824a1b8d200dfb6a18c15580a84a2540d243ca8eccbcf8b2b7168d2,reference,git-mv,production candidate only after rights and visual review
assets/cards/guardian_epic.svg,legacy/web-prototype/assets/cards/guardian_epic.svg,2203,7b9bb85c1e8019d936d78d471fbf8184ae11fcd62c4ebef64586685d61a537d2,093af7809c4bbc21d6c7da7dbac239220c673a04fe64c898c7d7e3612dcb24b7,generated-asset,git-mv,prototype placeholder; retain for behavior oracle
assets/cards/guardian_legendary.svg,legacy/web-prototype/assets/cards/guardian_legendary.svg,1990,13b0959a9bb33c5f88fd3f3a7cbffc3e64db6731810d73d6af7ef58d4beb18b5,5c2afaeb282279cfcaa73aca47a6c2c150df530f9ae4b2055c29638e141cf34f,generated-asset,git-mv,prototype placeholder; retain for behavior oracle
assets/cards/guardian_normal.svg,legacy/web-prototype/assets/cards/guardian_normal.svg,1980,263089d2d7b8fad7e4a29cc76fed07dd6ec45c3f34b15228bdc599cb3a247687,120937e8c80450688a80d1ca41eca9531bd731b80b1557525f04bf54d1af8899,generated-asset,git-mv,prototype placeholder; retain for behavior oracle
assets/cards/healing_epic.svg,legacy/web-prototype/assets/cards/healing_epic.svg,2253,dfb117fe18e3555f8bcb430e00e3b346ede2cf753068600e4c510400ec2bb0e8,a7e76fea90a2b779aff2576ca099e815525a15458ce23d3ef4c5297dba4a0450,generated-asset,git-mv,prototype placeholder; retain for behavior oracle
assets/cards/healing_legendary.svg,legacy/web-prototype/assets/cards/healing_legendary.svg,2039,7a2513fff0176a3615043694559d0bfb04dae2a2f88fc0c10c34f968fbbb1f79,3e7f9b8e250c43a5588f4291f3136abbdb7da589235dd8ce9308c8c9bb00c557,generated-asset,git-mv,prototype placeholder; retain for behavior oracle
assets/cards/healing_normal.svg,legacy/web-prototype/assets/cards/healing_normal.svg,2041,5e5c224e8d651dc9063e04f8f1da4c569faa1b519ea6ed2b3349a2038bd334bb,4371a99480835f8b4483b975b99498304e520eff968b5bb16fee20b9b8cd7978,generated-asset,git-mv,prototype placeholder; retain for behavior oracle
assets/cards/ice_epic.svg,legacy/web-prototype/assets/cards/ice_epic.svg,2234,d152c462a4a5fa9c3e26ef0f1d8256c3f99c28a587a09852f4e2ca9a8fa28c07,849bd9cdc537767af2b94642de9c01adeb5f5b9f04354bbde1004ff11bcd01d6,generated-asset,git-mv,prototype placeholder; retain for behavior oracle
assets/cards/ice_legendary.svg,legacy/web-prototype/assets/cards/ice_legendary.svg,2022,0992c72a0c8790c1fb32d904e966c99cf29e71800c097f40c793d480d7f0bfb3,4ea317e94e5cb6057c21e7b20563ff6676cb52b18497cda8574f67cdb8cd13ca,generated-asset,git-mv,prototype placeholder; retain for behavior oracle
assets/cards/ice_normal.svg,legacy/web-prototype/assets/cards/ice_normal.svg,2019,9a0b6808a1d2dd19f4fdcba9c7db8e8dc888dfcc66158419cbe40588679c34a1,9b93e2aca57e086db58c291177d5873ad70b83ca94ea574ad3854fa15ede31a5,generated-asset,git-mv,prototype placeholder; retain for behavior oracle
assets/cards/legacy_001.svg,legacy/web-prototype/assets/cards/legacy_001.svg,1961,9e0203d81043f5f8d7b3fca41935b81f4f678ccc81733a5a3873495151f03014,cea609dfc62ef579f6f9562c5b8529794269562057181d883051651cdca81ad2,generated-asset,git-mv,prototype placeholder; retain for behavior oracle
assets/cards/legacy_002.svg,legacy/web-prototype/assets/cards/legacy_002.svg,1892,b9ca838b07d74d5d5a31e14d8e91688283ed604f45b7b37df85f2231801eab79,1fdd140cf4d2890aba91b0a4a6fa7bb9dc94306435f9f03d0dbe5220d6f10942,generated-asset,git-mv,prototype placeholder; retain for behavior oracle
assets/cards/legacy_003.svg,legacy/web-prototype/assets/cards/legacy_003.svg,1905,f3ea4fb35bed54fcc1ce0cf110ec0ff73617f7a504cf7c4c3fd63f742cca4e84,9a5ad57ebc82afda7f9c9552408631824dc0c4a9e95290d15ff9a1a48f753674,generated-asset,git-mv,prototype placeholder; retain for behavior oracle
assets/cards/legacy_004.svg,legacy/web-prototype/assets/cards/legacy_004.svg,1941,13d048864325919ba176bec5cd73479a9a2ba7319c9b82e99f15798adb6b3e5e,84e3546c23c1483fc1678215d40a6856f91311c866b8f452ca4512f8f928b80a,generated-asset,git-mv,prototype placeholder; retain for behavior oracle
assets/cards/legacy_005.svg,legacy/web-prototype/assets/cards/legacy_005.svg,1926,2963e308e9c99ad0e53e99abf409a1c79f10b0112b945625ab9afc0da3c629b4,ba3b785ebd88f299e95af5fbdcfc3ef1a5a98fc14ee95bff42a87aca9a57a61c,generated-asset,git-mv,prototype placeholder; retain for behavior oracle
assets/cards/legacy_006.svg,legacy/web-prototype/assets/cards/legacy_006.svg,1934,bec6e3530ed20a2ef9d16708c94fb9528c0620d735f45da377aa8d853a39add7,c525ff113f9e53fc6e05df2f32216dba3e09336614b6ae12974aae05a1d97f63,generated-asset,git-mv,prototype placeholder; retain for behavior oracle
assets/cards/legacy_007.svg,legacy/web-prototype/assets/cards/legacy_007.svg,1937,9e446ccd91fd1581a7a4eb6917ff7522b49d78f2afcd22a6f5c8a15fdf554bd0,326b013d5cbfdbbc1e843add61f108c1ff452e6f759f9c3a6f3903a765cf44d7,generated-asset,git-mv,prototype placeholder; retain for behavior oracle
assets/cards/legacy_008.svg,legacy/web-prototype/assets/cards/legacy_008.svg,1931,38f3b7d02a124daee40e87022e80b07e74b8422dbc822858001bdc2c79277c21,92595229ea019f97b1c3456f10cd9b8e657d95e45d2e1c9dd10d15024048a296,generated-asset,git-mv,prototype placeholder; retain for behavior oracle
assets/cards/legacy_009.svg,legacy/web-prototype/assets/cards/legacy_009.svg,1996,07627874fda2f0d4bcabb9c2daf7c1a695e6365559585cecd56d6996a2b20b0c,bfd60f58f4828c4365aff00b2d8f03d5e93ac8e1a6d997b7c7134c9837825079,generated-asset,git-mv,prototype placeholder; retain for behavior oracle
assets/cards/legacy_010.svg,legacy/web-prototype/assets/cards/legacy_010.svg,1927,a53517bf3609e25deb144c09e04914598579fb93eb6f2829bc96733b023fe216,fb9af10134edd28358bb05236281fe0ce38de05e3663d332d4aed2cf94984836,generated-asset,git-mv,prototype placeholder; retain for behavior oracle
assets/cards/legacy_011.svg,legacy/web-prototype/assets/cards/legacy_011.svg,1935,218b4591abfd7ec6148ce69bb3313396674f41751dd4285593f1fb75ca890d38,aa9c0008bd62c0993163783358e56a3242cabff061b8cc66a6effdeb2cbfef4e,generated-asset,git-mv,prototype placeholder; retain for behavior oracle
assets/cards/legacy_012.svg,legacy/web-prototype/assets/cards/legacy_012.svg,1939,61575c1dfb2b4f5043c328d8f726135c579ca2b68c7492866dd4ba88e8ccdf6f,7a001da02851053a86dce915ddccb0d3ca70af4ff38d9f8a777f3a8d7f9b8ed3,generated-asset,git-mv,prototype placeholder; retain for behavior oracle
assets/cards/legacy_013.svg,legacy/web-prototype/assets/cards/legacy_013.svg,1940,c995526fa43cf62c263c2c2f45f825a90661f540633740742dae8b10bdfd51d0,b73de33b73c61e5a2432c39cece64ef0b6baecec16359613b039123e45be9f80,generated-asset,git-mv,prototype placeholder; retain for behavior oracle
assets/cards/legacy_014.svg,legacy/web-prototype/assets/cards/legacy_014.svg,1938,9dbad3b147e7f9a17f7a3325a0a16fa01334da7f24488581608b886952e7a323,18515d8acaf22ed1a9b867288bcb819b9e0f0ea44eb59206eb3190e5a02b91f4,generated-asset,git-mv,prototype placeholder; retain for behavior oracle
assets/cards/legacy_015.svg,legacy/web-prototype/assets/cards/legacy_015.svg,1978,e209acca7f1cf2dceedd7104e4d7cc12fb55d2c95a916a29520a9dc17ee37fc7,44cbc24887e5ec361a2c1d91e0fa368bc6e92e2922d15e72b2d2e5f141747779,generated-asset,git-mv,prototype placeholder; retain for behavior oracle
assets/cards/legacy_016.svg,legacy/web-prototype/assets/cards/legacy_016.svg,1956,98cd5ac1f8d819693e295a0ba97bf796fe31f71b21f69afab3d2ae748a48e271,0aaaedc30af178c19ff533d159dd8464a116f1eb0004b3dc89c583574bc0714d,generated-asset,git-mv,prototype placeholder; retain for behavior oracle
assets/cards/legacy_017.svg,legacy/web-prototype/assets/cards/legacy_017.svg,1996,4d2ba7f335b357315cb41034e2ff69b09041b65dcc11bf32a3f7588e08fc0ac5,0919c07efb4977459b89690c2feb1b5b94671ffc0208b6a2393ff9b9c5b015c2,generated-asset,git-mv,prototype placeholder; retain for behavior oracle
assets/cards/legacy_018.svg,legacy/web-prototype/assets/cards/legacy_018.svg,1917,666e9d2a28b7c7d29f21dbcf18c942e1f1b004088b84654b9b25feb9bd8da335,05b22e40e25522f2f04438bbdda74126f06cb73be4953daa4421ddf0f5aae065,generated-asset,git-mv,prototype placeholder; retain for behavior oracle
assets/cards/legacy_019.svg,legacy/web-prototype/assets/cards/legacy_019.svg,1932,1ee05d34cea0eb684e04d28ec2633da83ab4ac86b3b7772fbec3c39992e4155d,d9d0639d8bb1497aa27cbf3cd207c5d660af408927b5c9bf4f1f9ffee5038803,generated-asset,git-mv,prototype placeholder; retain for behavior oracle
assets/cards/legacy_020.svg,legacy/web-prototype/assets/cards/legacy_020.svg,1917,2ddba750c82686f97aff16eb1f56c36b5e8ca9f1c0bb61c6e5503f17b1f6f21c,2a563913d24eb2da650eb6146dc9ee424fa4356098747265bb55a99eade827ec,generated-asset,git-mv,prototype placeholder; retain for behavior oracle
assets/cards/legacy_021.svg,legacy/web-prototype/assets/cards/legacy_021.svg,1917,ae4c860a17dcbe0b978a1521c345c18340754da0efd11802cb1601eea66777f6,535b54d0b59a5d313bfa1e0fa69f7b5b609fd19c9a3727bb5f56a13de744239b,generated-asset,git-mv,prototype placeholder; retain for behavior oracle
assets/cards/legacy_022.svg,legacy/web-prototype/assets/cards/legacy_022.svg,1924,ddea706a3668b8a3a642c4c509fd97bbeca430af921f49d35ae26d5989c587e1,88c2fd4a6937e11ad80d47e2c20329e674b66dc996341a9831b434e936105370,generated-asset,git-mv,prototype placeholder; retain for behavior oracle
assets/cards/legacy_023.svg,legacy/web-prototype/assets/cards/legacy_023.svg,1926,f38c3f75fac316bc8d4b9aa20e8fc8e6583b83440f0c0d7354c4db8e46c25715,2b52c649e9b9127cff5248ac3b291a53e6d9cdfb0592bec34849d10e8a9da853,generated-asset,git-mv,prototype placeholder; retain for behavior oracle
assets/cards/legacy_024.svg,legacy/web-prototype/assets/cards/legacy_024.svg,1948,87277c7c97e9e34982076a0da50c2454e6545ab06cf34c910e557168168eaf47,2e21cb804170aaf1b616e1bf3d1defcdf78f47b04633ea1d15a7dd47a25762ea,generated-asset,git-mv,prototype placeholder; retain for behavior oracle
assets/cards/legacy_025.svg,legacy/web-prototype/assets/cards/legacy_025.svg,1915,749b0bbf4aace114d9fd7c1789727e64042130546be62a918e1c32b152b6aee0,b3c6a19cd8329ba2848630351fbd6292284cbbc893f782317ac9e965d5456c3a,generated-asset,git-mv,prototype placeholder; retain for behavior oracle
assets/cards/legacy_026.svg,legacy/web-prototype/assets/cards/legacy_026.svg,1948,29459b90c675375323b15a261c60047e9466665fab162cd00a0d2b2a04edbcd8,dc96d3f2f4204a9c8cbaae0e698469a07709d6bdb524ef8ddec61e8cc087f098,generated-asset,git-mv,prototype placeholder; retain for behavior oracle
assets/cards/legacy_027.svg,legacy/web-prototype/assets/cards/legacy_027.svg,1961,9090142f961e0312661fc400e4bc4b3657a3df03e6595e1bd0f7ecae027d5a29,2d9aac9c3a0aa92f460baa6c1f33e27052480c95f4515d6c54184617a010afec,generated-asset,git-mv,prototype placeholder; retain for behavior oracle
assets/cards/legacy_028.svg,legacy/web-prototype/assets/cards/legacy_028.svg,1944,a976fc1adfd17d3b1c4178abf4244ee0ff679195da99778f0f9aabd7970bff6a,37cfbb9ff5d0cd2d8d59cf12a876bf1c4a46a9c798cf08c85f5efacde06c5017,generated-asset,git-mv,prototype placeholder; retain for behavior oracle
assets/cards/legacy_029.svg,legacy/web-prototype/assets/cards/legacy_029.svg,1904,b176ea560ed2d7adec776a0208d75b8a235f202555e601a463cb3256ca39d980,c8503fffb60ec781da4af24c1c34aff8510c1a5b9a3341b5f778b564fd9caeeb,generated-asset,git-mv,prototype placeholder; retain for behavior oracle
assets/cards/legacy_030.svg,legacy/web-prototype/assets/cards/legacy_030.svg,1936,96a26447117567fe268d28d71f5159f975b86cbf885a470ccaa6d16dd6fe4607,ff50599cb7dfbe195619e51075f2766745c10212fdfa0008eff29adf8858f47d,generated-asset,git-mv,prototype placeholder; retain for behavior oracle
assets/cards/legacy_031.svg,legacy/web-prototype/assets/cards/legacy_031.svg,1924,3ed8542c0745644e3099185a592a2c74ec401b8be5fcf45b01e4ed2a27ce900c,8a660953243019e56a8035183570f558afd2e0e5888f94b870a165b4dcfad59f,generated-asset,git-mv,prototype placeholder; retain for behavior oracle
assets/cards/legacy_032.svg,legacy/web-prototype/assets/cards/legacy_032.svg,1949,62ab27831147e535177953c0e854530d4e3f845251adf5aa540ab6db6a42be64,8205585bc7a4dd72531dd142420a6827c291e799d77c59fbb67167e72c90413c,generated-asset,git-mv,prototype placeholder; retain for behavior oracle
assets/cards/legacy_033.svg,legacy/web-prototype/assets/cards/legacy_033.svg,1947,722f77d847d3c57a252cf2283f09fd9b10ba21b2eef0129bb32af3eb6f6aeb23,d117ccbf57b8b97b0106cc33f1a0c7fc3fe9f81be60157c00558a432c4681edd,generated-asset,git-mv,prototype placeholder; retain for behavior oracle
assets/cards/legacy_034.svg,legacy/web-prototype/assets/cards/legacy_034.svg,1948,dfb93d879cb70d253fbc1d6d789992aaafd0c1043d94626f9953cb189f183f76,774165619dfeb35c2779e907166f3a98aada7c78ba529f0dd4f4fea1141f5f2d,generated-asset,git-mv,prototype placeholder; retain for behavior oracle
assets/cards/legacy_035.svg,legacy/web-prototype/assets/cards/legacy_035.svg,1917,710f5424c44c83db5a0035c800ef6f64beaab04b7bb17257abc7dfcc2a34a907,783e1952bff4653366e9202dd946f1814ac7c362e02796f571c7a8e6d792223e,generated-asset,git-mv,prototype placeholder; retain for behavior oracle
assets/cards/legacy_036.svg,legacy/web-prototype/assets/cards/legacy_036.svg,1962,1b5a2262770943841b1d6c0f101dd723591ed450041042688dbc98390b24672a,78591206fcf5d659763c2f9f1d1dcf63cd5c92116197398e8f7a1312b6054ca6,generated-asset,git-mv,prototype placeholder; retain for behavior oracle
assets/cards/legacy_037.svg,legacy/web-prototype/assets/cards/legacy_037.svg,1919,69df3a2bc9fc388243aa058b4855797cf3afb801771c30d44760a325b246fbbb,eb11333e611e04db42bac9608356fd944d07ba2cb7ed9ba4e45bbb180c554244,generated-asset,git-mv,prototype placeholder; retain for behavior oracle
assets/cards/legacy_038.svg,legacy/web-prototype/assets/cards/legacy_038.svg,1920,2731cf62c752eb594ef7cd60fb62f0db61bc958dff11817c3da4fa650509fbb0,6e68f0623af103b2cae4e7749bfc9da7d3cac4e15fb53d4e9f0a6a4355308332,generated-asset,git-mv,prototype placeholder; retain for behavior oracle
assets/cards/legacy_039.svg,legacy/web-prototype/assets/cards/legacy_039.svg,1918,b7398775cde2a6c2accfe4412e52895e22322ee2da5313211faa1ff5f5e8f723,c3752e69f76db5048f49707d679e5785603a16e2f4ef92e7d248c203427c09f2,generated-asset,git-mv,prototype placeholder; retain for behavior oracle
assets/cards/legacy_040.svg,legacy/web-prototype/assets/cards/legacy_040.svg,1908,542e1072a554a164edb502a356768c7ec01d7fa843ab1d7705a5e0e8c774533c,73ed785d12aef24928ec37255ededc6e7af40105fd0af3844e078e1327c3c33b,generated-asset,git-mv,prototype placeholder; retain for behavior oracle
assets/cards/legacy_041.svg,legacy/web-prototype/assets/cards/legacy_041.svg,1921,87ff0ae7142f22280bd02d2b21bc44e6471dfc2ee7c4fc6e23085174629f929b,37797a67810345af133f1e7bc6c69baa9f2d2af69d15821791fa8377fd6e97ab,generated-asset,git-mv,prototype placeholder; retain for behavior oracle
assets/cards/legacy_042.svg,legacy/web-prototype/assets/cards/legacy_042.svg,1917,c0ab98a37d0349a253ebf970ed3ca98a7d2ac1954125a8e74fdb003f407ac9e5,c383add8423dccbc1ac440eb493a9201155faa69cdc53e54a58aaaca14a49169,generated-asset,git-mv,prototype placeholder; retain for behavior oracle
assets/cards/legacy_043.svg,legacy/web-prototype/assets/cards/legacy_043.svg,1917,bfbec199b18889d08aa2e89e9ea8d0617cc4d5e74f898104ffb4c0d44d1d9fc5,c4a82337309fcb1b491341d9ed346dee97111bc9143d01491ef53c28071a6096,generated-asset,git-mv,prototype placeholder; retain for behavior oracle
assets/cards/legacy_044.svg,legacy/web-prototype/assets/cards/legacy_044.svg,1979,40b0b1d3deee4c7eaddba5db036688f1bd14e3541b26f1e071709501fe0ec59f,852f012522f046050fe8ae8faf0e1404af7291e5b5c4101ae0c9604ad26936d3,generated-asset,git-mv,prototype placeholder; retain for behavior oracle
assets/cards/legacy_045.svg,legacy/web-prototype/assets/cards/legacy_045.svg,1939,1369aa2372b767416e0477c364a0c4be5a1fd906f97114a70331ffa499ab7ad5,a90276e4ba931e96f82d9b7692a532f092761dde245480e6dffc7ad47ee1548c,generated-asset,git-mv,prototype placeholder; retain for behavior oracle
assets/cards/legacy_046.svg,legacy/web-prototype/assets/cards/legacy_046.svg,1959,ef74d72dddbc15a4cf9ca094a3dd627a327736a3d38fb9468df34be85052033e,6311fc0cc7d48089969d56dd44f68b903d180e390edede3eeab828f83ef23500,generated-asset,git-mv,prototype placeholder; retain for behavior oracle
assets/cards/legacy_047.svg,legacy/web-prototype/assets/cards/legacy_047.svg,1932,0f947ec4c044d41456cc74df0bcbece17707f286084e9df96b1ec275f2dd0623,2d2ae3ad0f4fde2d2f4191c23d3118311d443177cc3bb9c57dd44c5b1810faaa,generated-asset,git-mv,prototype placeholder; retain for behavior oracle
assets/cards/legacy_048.svg,legacy/web-prototype/assets/cards/legacy_048.svg,1934,be8eaf60f4a83fca8b8e0216847e55a0efc2f80220536bd2dddffc52ea11b2ba,f20d6c9a098068355b7c90a61677b8aed70883298c47ee79a10d244d5b8e65cc,generated-asset,git-mv,prototype placeholder; retain for behavior oracle
assets/cards/legacy_049.svg,legacy/web-prototype/assets/cards/legacy_049.svg,1997,9f11bdb1524be233a38503b9e909fe7769652ce81e9c5a40a45f1488f41711d9,098d474768ade722a949e4d247fabac3278898b23b062f355fa6079a648da10f,generated-asset,git-mv,prototype placeholder; retain for behavior oracle
assets/cards/legacy_050.svg,legacy/web-prototype/assets/cards/legacy_050.svg,1916,a6f9bbc4124b395b314d2b6ea9a9df1cfed29c09d65d11539007daca6f030ec4,0310c4c892c6c4be1b7f6850b324d683bc7153b43f5a1e463f84e286c95ff5c1,generated-asset,git-mv,prototype placeholder; retain for behavior oracle
assets/cards/legacy_051.svg,legacy/web-prototype/assets/cards/legacy_051.svg,1988,44f9b8a9026f37a358acc2e51c1973ba0f68e056da992ee6747cff111422c1e0,11d3e2e168c0dabac8d83fa208ca477f454a82418177511bc532a9fe730d71f2,generated-asset,git-mv,prototype placeholder; retain for behavior oracle
assets/cards/legacy_052.svg,legacy/web-prototype/assets/cards/legacy_052.svg,1946,5d39d074f7d99ba6a97d56e42bb403507d06a810b0aa6d7bc7823f71958ff5ed,bd48a38952c23b02f000423c7c2b49f5c8f7799164e5420914e38e8766ada395,generated-asset,git-mv,prototype placeholder; retain for behavior oracle
assets/cards/legacy_053.svg,legacy/web-prototype/assets/cards/legacy_053.svg,1898,2d789361336d94fa864a2e7451b4ff4fea31894eca29a13326d66b4a6d364f78,972fae9d96ac8ea6ea7dc7f0d027501a4eefe86f60f477f90018d0325583b623,generated-asset,git-mv,prototype placeholder; retain for behavior oracle
assets/cards/legacy_054.svg,legacy/web-prototype/assets/cards/legacy_054.svg,1903,36b0954b1b068e3037e08f6f441c18300ad91241e88e1c60b613c7f412ac4e5a,f26fd6cce06dd1d6f34a272c673d9213704f2982f86fc181a5bc0d93fcf2e3b8,generated-asset,git-mv,prototype placeholder; retain for behavior oracle
assets/cards/legacy_055.svg,legacy/web-prototype/assets/cards/legacy_055.svg,1910,0b6decc070a3da902126ce13012f11af32b83079e726bd523f1b91bb905a138a,31d98035e3de1c1a5b83923fc37ccb6aec819fae848136e33595bb09c6703abb,generated-asset,git-mv,prototype placeholder; retain for behavior oracle
assets/cards/legacy_056.svg,legacy/web-prototype/assets/cards/legacy_056.svg,1943,e7831fab82a7f605a0cfcaa341d0a3a722a74e86873b7da44a22eb59b2032dc2,946e41591e5645a4159a2499006d1feda3f7bad560541fa9cfe13faf6ace283f,generated-asset,git-mv,prototype placeholder; retain for behavior oracle
assets/cards/legacy_057.svg,legacy/web-prototype/assets/cards/legacy_057.svg,1922,75f12ab934925ca0f0277659b0420a0c3113cd7946f799699c7354b4fbe87a2d,75fac6bdf456fa27e04cc8a2b26968df4d236da02822f0db973761828e67c0b0,generated-asset,git-mv,prototype placeholder; retain for behavior oracle
assets/cards/legacy_058.svg,legacy/web-prototype/assets/cards/legacy_058.svg,1957,41859a6f8d0f7dc961df162b37b7f1d41462340ce1eff0d41d03400b58d306f0,8b5a1d66e03a5dd637bb2b66b4702674c84ea0a989cbc68f4d36eaa3e4ce15b4,generated-asset,git-mv,prototype placeholder; retain for behavior oracle
assets/cards/legacy_059.svg,legacy/web-prototype/assets/cards/legacy_059.svg,1947,4e11e060344d26ff4b66e521ed477f65d21b67958ce52c427195174b2a9d90bf,d610f17b66cf5d56e894df072e67b79d50bf4068fd7cb3503525e1850db9941c,generated-asset,git-mv,prototype placeholder; retain for behavior oracle
assets/cards/legacy_060.svg,legacy/web-prototype/assets/cards/legacy_060.svg,1961,4ae585dc9ab7cd50bc4b73be8c4c21c17dc9fa0fea80abfef423e8c8d542f013,91a576809caa3fdf8e04827e0e6cb901a1d03fb8ee841be8d29044a2111f543c,generated-asset,git-mv,prototype placeholder; retain for behavior oracle
assets/cards/legacy_061.svg,legacy/web-prototype/assets/cards/legacy_061.svg,1977,91e67a9b6058f8014bbaa34ee479802342e9152a2868b376c0a1b9b2273d2003,aedcb3dab501c2de54a01c252ae9a4e9dc26fdac0eaa180977a370d4a0858512,generated-asset,git-mv,prototype placeholder; retain for behavior oracle
assets/cards/legacy_062.svg,legacy/web-prototype/assets/cards/legacy_062.svg,1950,36b62cf13601b14fc75975c512fb8147164d4a92a1008891ae66d32da0a28337,592e8e32c406118dede745b755da7e2db00995de40f7112245cfe17505b6c64b,generated-asset,git-mv,prototype placeholder; retain for behavior oracle
assets/cards/legacy_063.svg,legacy/web-prototype/assets/cards/legacy_063.svg,1947,f72ef0313e0c2d121a86f18fccb36d4d3f91b873fc100b60cd2eb90b950373e6,fa67b284844e291a1aa85d72a5e28347f30dfb0390993e50a94ddfc51e47ec72,generated-asset,git-mv,prototype placeholder; retain for behavior oracle
assets/cards/legacy_064.svg,legacy/web-prototype/assets/cards/legacy_064.svg,1940,8b8d0717777b9db5f99f3546a3dc6415c89b96f709fccde67de42f589e0c15dc,81fc414036f7ae321b7d14d09ae9f34e795b237f7c67df7b99e74831c54f04e3,generated-asset,git-mv,prototype placeholder; retain for behavior oracle
assets/cards/legacy_065.svg,legacy/web-prototype/assets/cards/legacy_065.svg,1942,9a0776a0abd9d6471c19ed0b6b6e676a19f5e1f9e6635b4da044da3d686a16bd,56e66a7f8c12a081730b304f3ffe94a95d5e412421d89651296fcebf66358e46,generated-asset,git-mv,prototype placeholder; retain for behavior oracle
assets/cards/legacy_066.svg,legacy/web-prototype/assets/cards/legacy_066.svg,1944,05b33ce989a75ce2ec7d9e6723a719d806186473dd1202045f827f785e58a2f8,263aaa9dafde4c1fabfe852e23320061b81028ffb5237dc3a66e837cc238768a,generated-asset,git-mv,prototype placeholder; retain for behavior oracle
assets/cards/legacy_067.svg,legacy/web-prototype/assets/cards/legacy_067.svg,1953,056e42d4f502db1c85d54d024e86a9605204f05f32aad72503f8d8689d98ec00,f45c57f3e39559cbb1c0a430695a3d4bb5c442b98829d5eebe1ef3aaa658615e,generated-asset,git-mv,prototype placeholder; retain for behavior oracle
assets/cards/legacy_068.svg,legacy/web-prototype/assets/cards/legacy_068.svg,1940,d4d3d451dd49a9faddcb9422eac683260a8d6d8c2ad57116f4339f5490bad85f,2a368d0d5047ef5878509cd952641e27cfbd17227283952193d261beee9117e6,generated-asset,git-mv,prototype placeholder; retain for behavior oracle
assets/cards/legacy_069.svg,legacy/web-prototype/assets/cards/legacy_069.svg,1933,a7f425674ae87fbd84a09e812992ddd18e5bc50d7c7f21e976165f9113648958,e3ad2071eceb9738349c86b8c6fa9cc03f299bfb6d8017ebf359ed7c555c9afc,generated-asset,git-mv,prototype placeholder; retain for behavior oracle
assets/cards/legacy_070.svg,legacy/web-prototype/assets/cards/legacy_070.svg,1947,446f69ecfd2eeb6d9880b552a791c60a5be948defb620f2dd2ed010cb023a79b,d43ae0a04756411c81c1f1e61d602af607e4b1dfdca39ca77ce4dc2442a63fcd,generated-asset,git-mv,prototype placeholder; retain for behavior oracle
assets/cards/legacy_071.svg,legacy/web-prototype/assets/cards/legacy_071.svg,1910,c38099c7573a6093ed0f121a3e289348d5a6695244531fdeff3c6106cdf25136,856338ef707cf309749a5b1ef19f1dc0fdd6acdd38dfe29ebd82c8a999e2b0bd,generated-asset,git-mv,prototype placeholder; retain for behavior oracle
assets/cards/legacy_072.svg,legacy/web-prototype/assets/cards/legacy_072.svg,1942,87c9b65adc4b0879504a29d5cb489c26cb6a385142651067076b6825664cc8bc,a5cfd9f41dc38f647eabe7953b4f2b93d82a8ac82a7af7188f9e1b5a4e61aad9,generated-asset,git-mv,prototype placeholder; retain for behavior oracle
assets/cards/legacy_073.svg,legacy/web-prototype/assets/cards/legacy_073.svg,1968,b0f9eb8b54f427f9bc06fcdd4d44823dece1ce73566d68314c28a123e8edfbb8,434919cead34c8d86156b0d5b6c6d0bdef51f80eb44239e871d510162afefac3,generated-asset,git-mv,prototype placeholder; retain for behavior oracle
assets/cards/legacy_074.svg,legacy/web-prototype/assets/cards/legacy_074.svg,1931,01d01fb1ca0d1779c00fec23d1eadf20261a264d4d9d5d5789169b83c30fadc6,637f7b788ceb5a0e32a6dec77b3d73e95c93ad2bb1fd82f90af6b357c16597ba,generated-asset,git-mv,prototype placeholder; retain for behavior oracle
assets/cards/legacy_075.svg,legacy/web-prototype/assets/cards/legacy_075.svg,1913,227f22961f6b64ba8d26be6f14fa8ac4a19d773b45134fc5279214dec9a1a29c,4d3404894b0c7003d33ec5522d4cd4757d9953868ba6cda294cae85dbe285722,generated-asset,git-mv,prototype placeholder; retain for behavior oracle
assets/cards/legacy_076.svg,legacy/web-prototype/assets/cards/legacy_076.svg,1927,969828f2ff63544514c486c3d221fe6a1e76d90c5bf6ec200af422edde0ac988,8929e99c1a4c9f23caf5bce73bd5cabc6ecb421b087ae82cd847858851a22fe8,generated-asset,git-mv,prototype placeholder; retain for behavior oracle
assets/cards/legacy_077.svg,legacy/web-prototype/assets/cards/legacy_077.svg,1956,a2510ef21151b6cf92bfe519a647d57e5d4b5e4f3aad0e86b29351c174986386,ee4310da94a631ac35c873d76d8110aaa64c23a010f484895a2a8775eb26eb88,generated-asset,git-mv,prototype placeholder; retain for behavior oracle
assets/cards/legacy_078.svg,legacy/web-prototype/assets/cards/legacy_078.svg,1938,b6a409de6cb437042ae49ebc0fb743e46519e495bf619f563d597a706b784844,a63ea6e39d001fdd21bbb81930bbbbffce444441f5e6471b341691fff9573ce0,generated-asset,git-mv,prototype placeholder; retain for behavior oracle
assets/cards/legacy_079.svg,legacy/web-prototype/assets/cards/legacy_079.svg,1969,50654c1eb0719bfbf08d418676f7c37c8cd57788b560ffb347527ed9c9007d77,0c84e367c2526640bdd4cbc08eb5cb53d2a4482078201a1bb2d18383e1e81a60,generated-asset,git-mv,prototype placeholder; retain for behavior oracle
assets/cards/legacy_080.svg,legacy/web-prototype/assets/cards/legacy_080.svg,1962,23f4624cdacea071b13926334073f432c1163a7986c4c0110b0b8500c5ee8322,faaf28f6ade226efb6e21b8b66dadfde7996660d5a2c82373341b3a0ede2f007,generated-asset,git-mv,prototype placeholder; retain for behavior oracle
assets/cards/legacy_081.svg,legacy/web-prototype/assets/cards/legacy_081.svg,1946,2cdbf2c223215ab6ab1562651ef17ca3c83acdec19bf8c6f212ce63eebf4050b,3f806927b75bb052848005c3172820518325d936a3583519860b6d6c774e4196,generated-asset,git-mv,prototype placeholder; retain for behavior oracle
assets/cards/legacy_082.svg,legacy/web-prototype/assets/cards/legacy_082.svg,1946,76f9858ad3b4b3e68da748ee48dca11d3625f6eab77a15b77197f52067ba2a8b,68135229c162514de46157924882e14d05f80f74f1e6cbee200210ab7a5da93e,generated-asset,git-mv,prototype placeholder; retain for behavior oracle
assets/cards/legacy_083.svg,legacy/web-prototype/assets/cards/legacy_083.svg,1980,8ce175b4d742ec00d02d8450599a74b513a5f7f7db51d56858df763a055adcac,054d8a330084a74f66e5ac1a6e1611f5f4d99f0338e165258f05ea6f85858578,generated-asset,git-mv,prototype placeholder; retain for behavior oracle
assets/cards/legacy_084.svg,legacy/web-prototype/assets/cards/legacy_084.svg,1979,242a1c88d663fb60c7c7f503e53ee011b92eacf9eae43edb32a31f0745184171,d7e6a29a5234e67886f64174bf41cb1204a7e7ce8ce32676139704161befa769,generated-asset,git-mv,prototype placeholder; retain for behavior oracle
assets/cards/legacy_085.svg,legacy/web-prototype/assets/cards/legacy_085.svg,1910,61edee14ad2952d75eba0b0bc87373b1736b1359dbb58e53a7e773384f84415c,f87c919cfbd4abb121bfa27ae5ce5d087fc6b153a64debcc90e7219966d4772f,generated-asset,git-mv,prototype placeholder; retain for behavior oracle
assets/cards/legacy_086.svg,legacy/web-prototype/assets/cards/legacy_086.svg,1907,d5880e18a72d55d089555b6fb0bc4dba4ae9dc8b06d2ee48f79cd004f164ab40,f0d67e05273466f508214c35773ee6b66d5bace564aef8029122ab5d2f4f8e95,generated-asset,git-mv,prototype placeholder; retain for behavior oracle
assets/cards/legacy_087.svg,legacy/web-prototype/assets/cards/legacy_087.svg,1924,9b9884153492201dddab9a2cc9d5fd4e8326a0848a5cf06403079149145209d5,53cf3ff8fd118df450ddc92e5f4349d41be85135c3ddd1c42e7ed0ffa05cb484,generated-asset,git-mv,prototype placeholder; retain for behavior oracle
assets/cards/legacy_088.svg,legacy/web-prototype/assets/cards/legacy_088.svg,1921,7ba8b9ee45933d0d4fcf6f4fdf4c98e87d436d0bd91ecfe4551501a4e20c8b98,0a1ff2e52451231b11cf2a507508e0bee96659ad219889dba6f737923f9ea759,generated-asset,git-mv,prototype placeholder; retain for behavior oracle
assets/cards/legacy_089.svg,legacy/web-prototype/assets/cards/legacy_089.svg,1895,383b6eec88f8a42f079b43db610358a2631b6c89a5845ac44e08906f320750e0,952df768fc9c66ac8681ffda0d9c59321aeb99b747d78ce4e981c1af0cd7bdac,generated-asset,git-mv,prototype placeholder; retain for behavior oracle
assets/cards/legacy_090.svg,legacy/web-prototype/assets/cards/legacy_090.svg,1937,e4d5cd80c02abcf49924f7b53ddfe5e4b23e7c3233f196a383cc7f803ff98ba4,3fdd03ea57e8ce52846eb437e1a4d5be1603648b6e28c0b33cfe395812880849,generated-asset,git-mv,prototype placeholder; retain for behavior oracle
assets/cards/legacy_091.svg,legacy/web-prototype/assets/cards/legacy_091.svg,1956,889fcaf788738777178e6f1dc3d8709cfde386263df7fc49e045a7ab37481be2,ab6ec5f378e38c9ead09c65df8ef961d9f0c4671edc61b0043bbeadb0c77fcaf,generated-asset,git-mv,prototype placeholder; retain for behavior oracle
assets/cards/legacy_092.svg,legacy/web-prototype/assets/cards/legacy_092.svg,1922,64f614804a353f7565dca4087eabd45f05cdff9272d7cb0197e2e49e85ecfa8d,68e9474e22c95e956ca2ff33ef8b9869afff5d3a3ed31fc93460c35ff909c089,generated-asset,git-mv,prototype placeholder; retain for behavior oracle
assets/cards/legacy_093.svg,legacy/web-prototype/assets/cards/legacy_093.svg,1908,06caa59b121986a9062351d7281a1854228b3e52887ac632489e94c0b5a55ec8,6c8d92dd2d4f627e1a1b59f43a6e4c8167671badcfadfcebe3a9cf247f1e840e,generated-asset,git-mv,prototype placeholder; retain for behavior oracle
assets/cards/legacy_094.svg,legacy/web-prototype/assets/cards/legacy_094.svg,1950,b1b5b4ff368b93bd395d329b299c5890d6d846fbfe073f71e5703aa70d63079c,ca14143fa2ecd5fff8212523257bebdca70bb478e3eeb65b7b9ec23a2a079e59,generated-asset,git-mv,prototype placeholder; retain for behavior oracle
assets/cards/legacy_095.svg,legacy/web-prototype/assets/cards/legacy_095.svg,1912,07d1715076165e6aaeb3d48b6063de3c5ad32f167e7ff925ce9d29d8721e308f,20cf4b2665e254affdadd85c6bf1e45b709255429be6f7c0595cd1c0ccfc074d,generated-asset,git-mv,prototype placeholder; retain for behavior oracle
assets/cards/legacy_096.svg,legacy/web-prototype/assets/cards/legacy_096.svg,1942,2c4ea73619ab3bc41bcaef037c70e314d5ceeb2fb88e432e439e42572d038432,d0ebf4cb64afd25d7fe9c84d2273fe59e7463e97a26c9fa6268fa1286161aff7,generated-asset,git-mv,prototype placeholder; retain for behavior oracle
assets/cards/legacy_097.svg,legacy/web-prototype/assets/cards/legacy_097.svg,1990,78779af067d0e958365ca5dead90f3c9add5141320f8b870a24c3d198dc47f64,9d885774f29d02943623236200b3554e0a16615d2121cd148c22e62f138161c3,generated-asset,git-mv,prototype placeholder; retain for behavior oracle
assets/cards/legacy_098.svg,legacy/web-prototype/assets/cards/legacy_098.svg,1919,24e61fad313875822207677baa74257ee6ec2113bd4e18a2a1770dc62ee5d003,2e1ed5b906318fccb2a37d5450082c312ea2d524ef54f14f53a64063a4f7cfd3,generated-asset,git-mv,prototype placeholder; retain for behavior oracle
assets/cards/legacy_099.svg,legacy/web-prototype/assets/cards/legacy_099.svg,1889,0be6d8e51aec09bc63b8c27d36d72871f3e5526b715e5eb9f01eab37b7556d79,20a28ae69943d9434e9360be3ce7caaab71f95e640f269c2595d2c6699a6724d,generated-asset,git-mv,prototype placeholder; retain for behavior oracle
assets/cards/legacy_100.svg,legacy/web-prototype/assets/cards/legacy_100.svg,1981,23c1047b4a87c58fd76ea20b3ad0a574dc09b853bb6ae2f10b25d959bcf3c5e4,1fde32cd612d7e3556a18bf1a9151068a23b20b1ad6c63de4d0c24104f9bf42a,generated-asset,git-mv,prototype placeholder; retain for behavior oracle
assets/cards/legacy_101.svg,legacy/web-prototype/assets/cards/legacy_101.svg,1956,979f9a4908a8316891e77dca27f03782c4c27dd724a4f9b601c4656ad3ab8709,de30e84655f13883d9dfd25447013fe0b5469c5f801d4652b298eece02754231,generated-asset,git-mv,prototype placeholder; retain for behavior oracle
assets/cards/legacy_102.svg,legacy/web-prototype/assets/cards/legacy_102.svg,1900,9b6e90330194b2b5dd0f906638f98507ad02f5b1358705c70236d958040e8887,ce50c4c764fd5c9390d1b2e2b069d7f464751b7e3b2ac8faa5069453d35b189b,generated-asset,git-mv,prototype placeholder; retain for behavior oracle
assets/cards/legacy_103.svg,legacy/web-prototype/assets/cards/legacy_103.svg,1940,16f0d9523dd5cca18e44e86de0a52ff9dd3c49a092dee460b90330606a8d4f41,4b78ec31db629f6c3597edb26637cbf893cf6268b631ba066373eda0c39fe6d3,generated-asset,git-mv,prototype placeholder; retain for behavior oracle
assets/cards/legacy_104.svg,legacy/web-prototype/assets/cards/legacy_104.svg,1946,238430a8c7a63d04f7e2958275097de8cc4c015cadc2c829f80dc1d773f9d288,48e270b77dfc7872b9bfaa6ca2d865ea1e2a8d5e701ff8b0464b1cfe9bbb5af2,generated-asset,git-mv,prototype placeholder; retain for behavior oracle
assets/cards/legacy_105.svg,legacy/web-prototype/assets/cards/legacy_105.svg,1947,5d8b9a06ee104201c36011c550d31e28b7698398db977da3bae2e1ff9cca362f,f2539faf9d389d812a1e66324d2082d35d0b4b2b546bd0c78acc69ab97135fbd,generated-asset,git-mv,prototype placeholder; retain for behavior oracle
assets/cards/legacy_106.svg,legacy/web-prototype/assets/cards/legacy_106.svg,1908,2f584fd2166504ed03e23f5553ec875bb77fe79bdbfd8520dbbe8409dbf80c16,ca3d264d41484a1c71fee41b4c399bbf96bdc134aaf521d93e394416a377ee09,generated-asset,git-mv,prototype placeholder; retain for behavior oracle
assets/cards/legacy_107.svg,legacy/web-prototype/assets/cards/legacy_107.svg,1898,6cde923a20eadba33c18462e316177b115f2e4123aa6c6e129e9e4450b616eda,0f0f5a786030318722b181b9b8f31328fc363a4b1043915134f60fccce274b30,generated-asset,git-mv,prototype placeholder; retain for behavior oracle
assets/cards/legacy_108.svg,legacy/web-prototype/assets/cards/legacy_108.svg,1936,c343123ed26a74f0fe39b9573b25bdd7604329f7288a08083a767119c40daa10,e853e943de2e08016efb3d98645d74320f098a981a34ebcbd02fe7b94ec3f1fd,generated-asset,git-mv,prototype placeholder; retain for behavior oracle
assets/cards/legacy_109.svg,legacy/web-prototype/assets/cards/legacy_109.svg,1941,789d97cdbae24f7fa51e24afa47eb091fc92a95ab813a529f2be56c7bd7f4cd0,7bd8170c59dc604240898316a40de54780784e01e483f01efe236720d443225f,generated-asset,git-mv,prototype placeholder; retain for behavior oracle
assets/cards/legacy_110.svg,legacy/web-prototype/assets/cards/legacy_110.svg,1980,54f7a30369085dabe4f723a8c29307d042c30f7f08b142cdd858adc600ff5889,2c91c1430629b924b119b52699ac63bf8509a0e03ec3dd033170008c1e02034c,generated-asset,git-mv,prototype placeholder; retain for behavior oracle
assets/cards/legacy_111.svg,legacy/web-prototype/assets/cards/legacy_111.svg,1992,6d4157b1f9ab1c9db8e87ac64c1f964a8a1da2962f3c6d6313ee16bd751ad419,4fcd4c9eb5a386a40c0395c0b7d3891ba100cc796bdcc14fa64cd4814fe2470d,generated-asset,git-mv,prototype placeholder; retain for behavior oracle
assets/cards/legacy_112.svg,legacy/web-prototype/assets/cards/legacy_112.svg,1925,6b52f4cc86f10ef01b8a82f12e0689ed4f2ccda9e5daa4cb823b29a115a63b6a,f791e096970c64d92f2b22220f6af90afdf3c37dfdcc379938feacee1fb13582,generated-asset,git-mv,prototype placeholder; retain for behavior oracle
assets/cards/legacy_113.svg,legacy/web-prototype/assets/cards/legacy_113.svg,1989,f4c0398ae52557cd47effb6fb86ac38422bf62ae92266da7dcdbce01f04dfe75,a44f8d89a43143352952fe17191fcc4a780bd226d58e184845c685acbc0aa7c1,generated-asset,git-mv,prototype placeholder; retain for behavior oracle
assets/cards/legacy_114.svg,legacy/web-prototype/assets/cards/legacy_114.svg,1974,22707d92e4f1101ba10941bb1dda19bf2424c7bf3ac8e979eedf48537d396d7c,8dd834ce89d5214c0757aba5744b0b655d6af5afe9725de224fa401bf46d6608,generated-asset,git-mv,prototype placeholder; retain for behavior oracle
assets/cards/legacy_115.svg,legacy/web-prototype/assets/cards/legacy_115.svg,1907,2a3b2b10e739f0c932a547b34676384c99d39b25621b7b7b54ba746b5532e04c,9b1a2249c0e928ca66da802a1c157d2bd6834064a9ed56b7ec056913bee75bdb,generated-asset,git-mv,prototype placeholder; retain for behavior oracle
assets/cards/legacy_116.svg,legacy/web-prototype/assets/cards/legacy_116.svg,1884,a7e16a5e23e2f4fc2aec2f1a30605c1cc708dfa6cf71dc617d0a98956ad1cd96,ef14a53c213732bd645ce543bf33ead354fccea58e2f86c467fe62a012898b5a,generated-asset,git-mv,prototype placeholder; retain for behavior oracle
assets/cards/legacy_117.svg,legacy/web-prototype/assets/cards/legacy_117.svg,1955,a3fd545911975fb207fb22cc3a6fea23a723777f20d4e4727712f80ea36a5b3a,9846f1731d6af8218b51e6e2dbf21144c1a09410153e30c7230522674201e16e,generated-asset,git-mv,prototype placeholder; retain for behavior oracle
assets/cards/legacy_118.svg,legacy/web-prototype/assets/cards/legacy_118.svg,1947,529f6bce6aba388466e5f24a31a61c5250da6a0c23bff2346d7a46ae842c9e0b,f69993f8919c1c6d9b9425d51da817b8a303dfe99944b25b04406fa08a8da043,generated-asset,git-mv,prototype placeholder; retain for behavior oracle
assets/cards/legacy_119.svg,legacy/web-prototype/assets/cards/legacy_119.svg,1939,e8cde7f64041663d2a01f3454f87d82fb4df64c3d24d53b244388a8432ba0300,42734325700f51f5bb04ec7450b80dde49496f03677578e4c491b1a13b22893b,generated-asset,git-mv,prototype placeholder; retain for behavior oracle
assets/cards/legacy_120.svg,legacy/web-prototype/assets/cards/legacy_120.svg,1940,d73f701cedc882d2ef4782d3de7b4398f1fc6f8dff97c73f40b20d1e8e75b9dc,d9cf526f4726696d1cc99456a7df0169bc66e5176156abe76dead76e1ce30d33,generated-asset,git-mv,prototype placeholder; retain for behavior oracle
assets/cards/legacy_121.svg,legacy/web-prototype/assets/cards/legacy_121.svg,1931,c6b3e1452d9c2c4fa366a93eb9c01786752b3a47b71c0dadfede01176f15fbce,3172aedfdcc5548a87a6e3b6d34e878cd6592fc7463d821460dfb2025adeb59c,generated-asset,git-mv,prototype placeholder; retain for behavior oracle
assets/cards/legacy_122.svg,legacy/web-prototype/assets/cards/legacy_122.svg,1991,19404e1623ac53dfc4fd59e8d6ae51e30cdb6e0d3fb0b7f7d0ad01f076b7aae6,03edbab5f002cf07309f4668da81deb6cff741cdc37d248024a620352bd8efa9,generated-asset,git-mv,prototype placeholder; retain for behavior oracle
assets/cards/legacy_123.svg,legacy/web-prototype/assets/cards/legacy_123.svg,1962,bf5a3e8623ecfe733943bd4a6a0d362b3a43673a69a4fbe24ddefed308544ec0,b90348f734f3bf6e827d2fb673a9459c82b826ea7a5cd960636e9191b8bc1d7d,generated-asset,git-mv,prototype placeholder; retain for behavior oracle
assets/cards/legacy_124.svg,legacy/web-prototype/assets/cards/legacy_124.svg,1937,b313f24d1472b4818b46cda1334b10a13a391948bb0ab279db34f5b91963c891,47065bfcf3628fff842be77f103d4852982e6695e1b57b0ef78038ae0445504f,generated-asset,git-mv,prototype placeholder; retain for behavior oracle
assets/cards/legacy_125.svg,legacy/web-prototype/assets/cards/legacy_125.svg,1923,d6e17e8591f86f9a18b3e2a65bf929dd20a44f20e5e4f8252a34817725c5b604,7ed72b695b2f1d95815481b0685d211a05d8863ba9c2e7a8253615fc7d6856af,generated-asset,git-mv,prototype placeholder; retain for behavior oracle
assets/cards/legacy_126.svg,legacy/web-prototype/assets/cards/legacy_126.svg,1963,bd24ec69ec123dd08a33a237c07badd32c314a2e145c5a69a09cc641ea0c2787,f5e4d3aa2aa9f807a444a7a305966adb2bb1a58ee7dc9849165aa9cf28c1f6cf,generated-asset,git-mv,prototype placeholder; retain for behavior oracle
assets/cards/legacy_127.svg,legacy/web-prototype/assets/cards/legacy_127.svg,1957,55fc9e66d4897cb70f73b4530e95573f79aac25c95f8576445896d726ba81271,4ec949c2e8b03e4fa0bfa1e70640c31477156bfa72c7a851821edeb9498812f7,generated-asset,git-mv,prototype placeholder; retain for behavior oracle
assets/cards/legacy_128.svg,legacy/web-prototype/assets/cards/legacy_128.svg,1944,58e7926a0d1ef4c9a064b29ab08c9107eaba77455c0e69ea02144534fd0e67c0,be631d016621707a7ea79c42b56889d59831c40695903c168443a28ed7cb23aa,generated-asset,git-mv,prototype placeholder; retain for behavior oracle
assets/cards/legacy_129.svg,legacy/web-prototype/assets/cards/legacy_129.svg,1942,848721861ebcf7111fed086d97ad0d9b23e6cd6d306623386f33803bbb8cbb5c,03b60c2a957c9cdbcc13cb28a0d25f5ce333f666ea73b39d6c30d465b40f5076,generated-asset,git-mv,prototype placeholder; retain for behavior oracle
assets/cards/legacy_130.svg,legacy/web-prototype/assets/cards/legacy_130.svg,1894,dbb58395b1acd1d411feaf7ee3833adc1028a9ace59f103d4366a503e76e363e,9dc529fb4ede291f8de20f81729c95034dc40ffc43d7a7d7ae68c2a2e9e95ac4,generated-asset,git-mv,prototype placeholder; retain for behavior oracle
assets/cards/legacy_131.svg,legacy/web-prototype/assets/cards/legacy_131.svg,1994,223d595f7bc8d600f6c484eaf33688ac5bb455838f6577cc0d90f3bc1bdf8fbb,c5ee1ed082f07c9431f9a32ad634fa0c896ded4297bea014bd4131298d0fbe6c,generated-asset,git-mv,prototype placeholder; retain for behavior oracle
assets/cards/legacy_132.svg,legacy/web-prototype/assets/cards/legacy_132.svg,1935,07961c15f868cab20a428711099a6e9b2f921f5790580f44c0bc3038141b0c97,65df79140f721adc889c6aec3a36d94adba95a623258bace6e7db2f524e1bc52,generated-asset,git-mv,prototype placeholder; retain for behavior oracle
assets/cards/legacy_133.svg,legacy/web-prototype/assets/cards/legacy_133.svg,1927,eeb260c02d51c1fe1bcac65e8af2b4c6849e544727300599cf663852bcb8be7a,d4a3615a8ed477321013b2842d6572979a7a115f7d97817f948e4567fdb2427e,generated-asset,git-mv,prototype placeholder; retain for behavior oracle
assets/cards/legacy_134.svg,legacy/web-prototype/assets/cards/legacy_134.svg,1921,32311d962263add94e1e947f97e877606b3d51397f566e96b588d7d992aa6971,0b844d8183d2eb1c0a1e97f813c20962537fc480d314f4a3015544e03f051cfa,generated-asset,git-mv,prototype placeholder; retain for behavior oracle
assets/cards/legacy_135.svg,legacy/web-prototype/assets/cards/legacy_135.svg,1927,cd0fec41f6ef11695f3f98f4ff4be715e14b9a138f26be88a672eab12aa0b985,1fab7a11629ed9c61f0a57b3be6926e658751b4c5ee34933732a3fe2f987837c,generated-asset,git-mv,prototype placeholder; retain for behavior oracle
assets/cards/legacy_136.svg,legacy/web-prototype/assets/cards/legacy_136.svg,1914,ea5afa927986deed2919a26ea236a54839bb8312a989e611a479dbd0f4a94016,18c3220238776ce9a89e0fd4dc7bab9ad72b7dc31c5432b2539d23f72cfd32a8,generated-asset,git-mv,prototype placeholder; retain for behavior oracle
assets/cards/legacy_137.svg,legacy/web-prototype/assets/cards/legacy_137.svg,1926,5f67e2a83e911086d8c6d7d682dd177ff210a3067a9b2beef77f593e1235624c,f47e32bb53ef3e042223a841d364ca39ad3dbe02c0946cb57ba255c8cfa7c6cf,generated-asset,git-mv,prototype placeholder; retain for behavior oracle
assets/cards/legacy_138.svg,legacy/web-prototype/assets/cards/legacy_138.svg,1941,7c8133cb5fbda3ab58e5c27f674dc5e8811b8d4d358db5f98dc121677c3771fe,8b075b35b1221a9bbc243bb278fc9803e6729c7eab46a9b30a2c416ecaae0e9a,generated-asset,git-mv,prototype placeholder; retain for behavior oracle
assets/cards/legacy_139.svg,legacy/web-prototype/assets/cards/legacy_139.svg,1923,fd2d26c8ac0ff2b18dbc84e7e46cd1c265b68130451db2e460d33e1be2e4f9df,3e782d0bc5a3ef4e7be03062740058e6d6e6089aa2408dd9654a5fc805d93a68,generated-asset,git-mv,prototype placeholder; retain for behavior oracle
assets/cards/legacy_140.svg,legacy/web-prototype/assets/cards/legacy_140.svg,1925,99952d34d6a54cb1bf35394339e144921b816773b201dbd1254fd3db16720ff1,1c5d938aed80e493d63a140f8b1649b3682e7a9961d4434d60b8f850eef17375,generated-asset,git-mv,prototype placeholder; retain for behavior oracle
assets/cards/legacy_141.svg,legacy/web-prototype/assets/cards/legacy_141.svg,1924,ff2957a1bb12b23645c8b25fbf6c017165bfd8975b3c1c43625368f4f2ec915e,aba2f204ef7fb70559b3c613cb1b19af1fdefbe80658e210f32b6951c03409bc,generated-asset,git-mv,prototype placeholder; retain for behavior oracle
assets/cards/legacy_142.svg,legacy/web-prototype/assets/cards/legacy_142.svg,1950,a02b4fce3f581201ade11c09285450c2589d0fcc56f77fb52ce218e7a46d714e,fbb2635e423f00d1e61b9297bac38760f4b9b514ea7a484fe13933e3b173baa1,generated-asset,git-mv,prototype placeholder; retain for behavior oracle
assets/cards/legacy_143.svg,legacy/web-prototype/assets/cards/legacy_143.svg,1939,85b3cba0ca1a6e1c4a261407a285353278db971e972808087948826d25ca877a,bda753d46b86fc642d37a4d570d0bcf2363e23ecdbdd45e52b961b219f4ac1c3,generated-asset,git-mv,prototype placeholder; retain for behavior oracle
assets/cards/legacy_144.svg,legacy/web-prototype/assets/cards/legacy_144.svg,1945,d08cc4b27401e5383d8d382e3ca7a587c018fedd2ba10d3b291fd722e9c36821,fcba2b03b666125ae05d22335ae793d14bcde84d2598cc09cfe1a233b6e813df,generated-asset,git-mv,prototype placeholder; retain for behavior oracle
assets/cards/legacy_145.svg,legacy/web-prototype/assets/cards/legacy_145.svg,1924,6cbbf659131b66bba4cafb284824a2b33feec4b30df05f65e68a7f8c54af50a5,e3dfbc711eca729e09be4ed52b0328e33519bbae1a9dc1978866b0d54974a2fe,generated-asset,git-mv,prototype placeholder; retain for behavior oracle
assets/cards/legacy_146.svg,legacy/web-prototype/assets/cards/legacy_146.svg,1942,787c90e1ca5b59422b8f7ef277068036998cad7aa389c5809dfd20878c6ed6d5,ccb7cf069a06098b65a07eda01c123e3cc7f6a7bed325edbf4cf2fa5e233acbd,generated-asset,git-mv,prototype placeholder; retain for behavior oracle
assets/cards/legacy_147.svg,legacy/web-prototype/assets/cards/legacy_147.svg,1903,9398249cded46bd95fbfe17a8919f31d61753059d53109871a7268fb7e0e8546,a9b7bc28e0ee79bdf131d1b30a903761e1ac1fb1d9b9dd1807c6d6450b163d7e,generated-asset,git-mv,prototype placeholder; retain for behavior oracle
assets/cards/legacy_148.svg,legacy/web-prototype/assets/cards/legacy_148.svg,1903,111480bcb46ccd9828b72181adb7dea45ace4f4b7fb771211371748d054dd26a,e551c9876e019cc3bb556c521be3e3d35fc929c40b1e989224435b03b8a6586a,generated-asset,git-mv,prototype placeholder; retain for behavior oracle
assets/cards/legacy_149.svg,legacy/web-prototype/assets/cards/legacy_149.svg,1958,9c94102430d9b542f6faf1bd681f7b57271f84c3793c3a258cf1611866430bf0,d7dfc6ac1398d2e0ebdc6ca4e81a429908beed91d451a5f3a62847806298fe5f,generated-asset,git-mv,prototype placeholder; retain for behavior oracle
assets/cards/legacy_150.svg,legacy/web-prototype/assets/cards/legacy_150.svg,1919,28f00e19a53cd77669d3140c15818df7e6aec4e027a51574d65d3d7030c89f25,5675cfb4f2609bba976565e69700f4c67b8b3772c1f814d080c2b14c4fc88a5a,generated-asset,git-mv,prototype placeholder; retain for behavior oracle
assets/cards/power_epic.svg,legacy/web-prototype/assets/cards/power_epic.svg,2249,c4c2cf2adc718ece9d89fdf9446a54bb8960ccd182392a2421b42e874ba0baa6,173304121eb1357cdf086dbaeffc1ec9dcd6f1af977c91c9d664cc121c3e5047,generated-asset,git-mv,prototype placeholder; retain for behavior oracle
assets/cards/power_legendary.svg,legacy/web-prototype/assets/cards/power_legendary.svg,2036,218525466b09c945961e442a11705c02c62a1c106dabed61225633b1731739eb,b87ada9454f1b9b22417e7a43017bb5f1d6795db85836944295836fcba6b63a0,generated-asset,git-mv,prototype placeholder; retain for behavior oracle
assets/cards/power_normal.svg,legacy/web-prototype/assets/cards/power_normal.svg,2033,352514ddea33b4077fe1da535baf99d70a2c5356ae16f407bcda6190d5dc7d23,59ccb5c6b27572d47ff7a3dcc47aa2b6156bda92082c79753c8c9825c98908fd,generated-asset,git-mv,prototype placeholder; retain for behavior oracle
assets/cards/precision_epic.svg,legacy/web-prototype/assets/cards/precision_epic.svg,2281,1fe1ae86375569916e6282f9550419bcd4a7e3eff75a1fae4d67036970d462ed,3fbd571bab79fda9ec6c06aef0e9f5ce85fe51ca39596bf3b3268c670c98e708,generated-asset,git-mv,prototype placeholder; retain for behavior oracle
assets/cards/precision_legendary.svg,legacy/web-prototype/assets/cards/precision_legendary.svg,2074,ea6d8ffd138e44ef2e2d25f4d66ce03c96047ce0c6442673b1db0451dd7a9dd3,57c2f452d4934a6dcec8e4c6d43f9210c4d93e0173eedfeaa1b3df41abd52d14,generated-asset,git-mv,prototype placeholder; retain for behavior oracle
assets/cards/precision_normal.svg,legacy/web-prototype/assets/cards/precision_normal.svg,2066,630dc2c09f71f337bf698205b574aa56a0aa1983053eafce833872169102226b,8cd3766965de8629abaaeed19e7d1ab079bdb69cf3b2a81310ab1fa1b971640c,generated-asset,git-mv,prototype placeholder; retain for behavior oracle
assets/cards/rage_epic.svg,legacy/web-prototype/assets/cards/rage_epic.svg,2196,f2ab2013f59f888dcdb65940f00971d0100cbbb483d120e27261422a117e4001,bc5ad32c96b9b9923df4e10f8352016d75c3b7aef3757953e8ec25c296bde761,generated-asset,git-mv,prototype placeholder; retain for behavior oracle
assets/cards/rage_legendary.svg,legacy/web-prototype/assets/cards/rage_legendary.svg,1984,ea36a1defe26fad34e38759c34a5d22c5b9f4a47b8a80e1ea43239c38688058e,4c3130bdfff05a4024a99178c78013b391950c39205eaca3fa5c8ff4ddf5d71c,generated-asset,git-mv,prototype placeholder; retain for behavior oracle
assets/cards/rage_normal.svg,legacy/web-prototype/assets/cards/rage_normal.svg,1978,150e4c230b951b8a5e83f40403dd053165fcfd788182e37006fed89d8c9b9f1a,1ff3e380f9306133cae1feac1bef3ebdfdd621c96302c4697c9a6d150c8dea5f,generated-asset,git-mv,prototype placeholder; retain for behavior oracle
assets/cards/shield_epic.svg,legacy/web-prototype/assets/cards/shield_epic.svg,2280,63158e6e287c775d9ab0047d2f0d8e50f8ca70fc8fb0a00368ff1bde09622f92,5b81f21f561f5d9dc31c5bdf3ac6ceb513bf70382c1d971ba2199a7b96ee2e7c,generated-asset,git-mv,prototype placeholder; retain for behavior oracle
assets/cards/shield_legendary.svg,legacy/web-prototype/assets/cards/shield_legendary.svg,2066,8db6f664ec1c7f5aff02fc11cc7b5397fc7c814bda258b80ed1777ea70fabfdf,3eab0a2314a0b7d3142cc1ba59e01999f6f77c382df0d93f383967a8cb583074,generated-asset,git-mv,prototype placeholder; retain for behavior oracle
assets/cards/shield_normal.svg,legacy/web-prototype/assets/cards/shield_normal.svg,2071,659c2d49497d3c00c93700b9c82a2739645bf4318d942300e7968620d04b7799,dff27228d649347fde5ba56bda13cad87c768760dcf4daf5774146644b7fb0d1,generated-asset,git-mv,prototype placeholder; retain for behavior oracle
assets/cards/toxin_epic.svg,legacy/web-prototype/assets/cards/toxin_epic.svg,2254,d6edd28ecbf345910d5e89cc750773d7449fd7b16f22dadf18de377263fc5ffb,4604bf753214f5c0fa1a30f8e622c7bcf9ead9427e65a993f99cc6374113ae2e,generated-asset,git-mv,prototype placeholder; retain for behavior oracle
assets/cards/toxin_legendary.svg,legacy/web-prototype/assets/cards/toxin_legendary.svg,2042,aec3ad2e832a729f25faf9b8f38646b63eccfaab2c22fed8b9e9badbc3f5fd03,7e8017f3d554a2372a32cb4a10ced206229864a81950d94449013d09076ba8bd,generated-asset,git-mv,prototype placeholder; retain for behavior oracle
assets/cards/toxin_normal.svg,legacy/web-prototype/assets/cards/toxin_normal.svg,2035,4f838a3d4d82b8a0b67f1d50584636978661e836bdba0d51854e086a03037d45,8bac76d7bfdb6f59c1748421b838bcf760684968c511f621a651c18a7fd1f779,generated-asset,git-mv,prototype placeholder; retain for behavior oracle
assets/cards/wound_epic.svg,legacy/web-prototype/assets/cards/wound_epic.svg,2237,fc5486f561951486fcca643215b217c7a6e09777e9074d506eeef9e482fd4e56,ca68aa43c1d0aacafbbd45af94f1ca44fc842777f0f04b7f4cc6979f0782d722,generated-asset,git-mv,prototype placeholder; retain for behavior oracle
assets/cards/wound_legendary.svg,legacy/web-prototype/assets/cards/wound_legendary.svg,2014,c0d3dbfe202186d9101a2747b6328106f7ca794196751e86c0fd118fe35fe913,3c5a419bc87aeacea0841ba473b4217bb5bc0613c3850b575c2fc149f8a88de3,generated-asset,git-mv,prototype placeholder; retain for behavior oracle
assets/cards/wound_normal.svg,legacy/web-prototype/assets/cards/wound_normal.svg,2013,eda7e934915c5cb1f7fe2880a32178c37e243c1a5bf4dc2c4daf5fd2e1c8d288,1eb58de525eb756e6fae822f33f1bd9391b7b5488f13f372fc4da134a13fc0d7,generated-asset,git-mv,prototype placeholder; retain for behavior oracle
assets/final/backgrounds/arena_bg.png,legacy/web-prototype/assets/final/backgrounds/arena_bg.png,3277110,67f026abf63e4f4c21ec1cfd33e88f716acfa9267eab4d4039121d2b80c22446,67f026abf63e4f4c21ec1cfd33e88f716acfa9267eab4d4039121d2b80c22446,reference,git-mv,production candidate only after rights and visual review
assets/final/backgrounds/combat_bg.png,legacy/web-prototype/assets/final/backgrounds/combat_bg.png,2594399,2613f3b6b3bb3123d16ffee7ab5876f81d5ca8eba43f116b7f07f8bc405ded66,2613f3b6b3bb3123d16ffee7ab5876f81d5ca8eba43f116b7f07f8bc405ded66,reference,git-mv,production candidate only after rights and visual review
assets/final/backgrounds/hero_select_bg.png,legacy/web-prototype/assets/final/backgrounds/hero_select_bg.png,2579264,b969ca7690b70579998566f690a24539c87e46f0b99083b14437b67c2f1f700e,b969ca7690b70579998566f690a24539c87e46f0b99083b14437b67c2f1f700e,reference,git-mv,production candidate only after rights and visual review
assets/final/backgrounds/home_keyart.png,legacy/web-prototype/assets/final/backgrounds/home_keyart.png,2701601,1d79e51d3bfc170a58f661706248f89c9c3e6bd32a0bc9c95a3cffe3ae3018af,1d79e51d3bfc170a58f661706248f89c9c3e6bd32a0bc9c95a3cffe3ae3018af,reference,git-mv,production candidate only after rights and visual review
assets/final/backgrounds/market_bg.png,legacy/web-prototype/assets/final/backgrounds/market_bg.png,2691725,ae3813d300308ffc1bddb35cd3017e5d2465c77d437d384e75f59eb243aa083b,ae3813d300308ffc1bddb35cd3017e5d2465c77d437d384e75f59eb243aa083b,reference,git-mv,production candidate only after rights and visual review
assets/final/style/style_guide.png,legacy/web-prototype/assets/final/style/style_guide.png,2368303,093500bfc260b63cc96362754db59e6fd07bd2c0da6757971fadd1d332834a48,093500bfc260b63cc96362754db59e6fd07bd2c0da6757971fadd1d332834a48,reference,git-mv,production candidate only after rights and visual review
assets/final/ui/art_bible.png,legacy/web-prototype/assets/final/ui/art_bible.png,6672504,b0572020851d2785580c81e4a896c231a32fcbc7e116f7b7c461e37fba7295d6,b0572020851d2785580c81e4a896c231a32fcbc7e116f7b7c461e37fba7295d6,reference,git-mv,production candidate only after rights and visual review
assets/final/ui/branch_sheet.png,legacy/web-prototype/assets/final/ui/branch_sheet.png,2177384,40f01ded7b0d3e61f2918bb0a8906cae180a03068487352091ecba6d74493d26,40f01ded7b0d3e61f2918bb0a8906cae180a03068487352091ecba6d74493d26,reference,git-mv,production candidate only after rights and visual review
assets/final/ui/fighter_ui_sheet.png,legacy/web-prototype/assets/final/ui/fighter_ui_sheet.png,5039319,f8d31e91e30cca702ca47df77ea852579ffd565dce1c910593eb706919723121,f8d31e91e30cca702ca47df77ea852579ffd565dce1c910593eb706919723121,reference,git-mv,production candidate only after rights and visual review
assets/final/ui/ui_sheet.png,legacy/web-prototype/assets/final/ui/ui_sheet.png,2067620,3858b4445e7ed97388177ce0240be4976180c73b6dab3b751a45f0be0c9c20fd,3858b4445e7ed97388177ce0240be4976180c73b6dab3b751a45f0be0c9c20fd,reference,git-mv,production candidate only after rights and visual review
assets/heroes/blackthorn.svg,legacy/web-prototype/assets/heroes/blackthorn.svg,1015,d24fe500218d840fbd1d0523a1b6fa47cb0fadce594d7ead5d332df43acac82d,346a9b75e40c644f2f6d38bbc615033bf6734610f7b075eb5dac0be1eea851e2,generated-asset,git-mv,prototype placeholder; retain for behavior oracle
assets/heroes/bloodthorn.svg,legacy/web-prototype/assets/heroes/bloodthorn.svg,1012,c940285c5f91747c7e3d011caaabf2ec5344fa5150cbf7ebfa78644ece2a0efe,77da313a12f275f10b007b432e180e44c026749ce114a3f773740d2dfbca3add,generated-asset,git-mv,prototype placeholder; retain for behavior oracle
assets/heroes/darion.svg,legacy/web-prototype/assets/heroes/darion.svg,1022,03d1ad85adf6cfe014d0505d6f47497702512d38903ff39adf8dedda67234e78,ea091157d475b080709e6a919b7c419a01c64d88e918e70aeb839246866393e1,generated-asset,git-mv,prototype placeholder; retain for behavior oracle
assets/heroes/darkbane.svg,legacy/web-prototype/assets/heroes/darkbane.svg,1010,8f2ffbb4a93585101caeeca1c5d0d96d18829dd92e217131736000084d6158a0,8d062a6873f9557bce334da4db551c50b98a96a2cb7aac08eb34f853bc8912ee,generated-asset,git-mv,prototype placeholder; retain for behavior oracle
assets/heroes/duskwhisper.svg,legacy/web-prototype/assets/heroes/duskwhisper.svg,1015,63f3a58c177d0f2462e44e25f59cd30af4f8ad13ad82065db1f17de934fda51f,9c91a4129c83803bc0ab757ba7939556fac7398c6703fe8eefb15e126206eae1,generated-asset,git-mv,prototype placeholder; retain for behavior oracle
assets/heroes/emberforge.svg,legacy/web-prototype/assets/heroes/emberforge.svg,1016,ac26688ee46e23b5c1516ebb0c6f3d23135f10449306dd0de12359d92178ac60,a63643983a3baf8560ca4fadcd4c00409a52af052018a36f5ecea19e13563054,generated-asset,git-mv,prototype placeholder; retain for behavior oracle
assets/heroes/fireheart.svg,legacy/web-prototype/assets/heroes/fireheart.svg,1010,16d7ce10173cfc43c94e4e16339b5b21e2a0da8a8339edd2b68bfea61f04556c,88ce08d33620fa8583682f9dd9263567757078d815fff8a543d0e141cebe4588,generated-asset,git-mv,prototype placeholder; retain for behavior oracle
assets/heroes/frostfang.svg,legacy/web-prototype/assets/heroes/frostfang.svg,1011,e809e081419bb4403e3e7914dad00f3fb01666be04051e1f9c5464a372acce6b,56f8aae7f32b531ffb30afe0686507f86b0e4ceef717c93018fccb280f738305,generated-asset,git-mv,prototype placeholder; retain for behavior oracle
assets/heroes/ironfist.svg,legacy/web-prototype/assets/heroes/ironfist.svg,1017,14efe3599632454d25d0893d55d4a2e7ce76d21617b41d09cda78e2c180b1c8a,7a7c5d06edbcbf811530352965e6246615a7dc1d6fb3c0d324c721084bb1f705,generated-asset,git-mv,prototype placeholder; retain for behavior oracle
assets/heroes/nightshade.svg,legacy/web-prototype/assets/heroes/nightshade.svg,1016,0d27028746e95973701d143f62a185eed7aa7bf3f9313931b328742db6b6cb9e,3cd5166e12492ddd28aaa2b97cb73dff8aac825eeb834bde2dec79c4ccd35ae8,generated-asset,git-mv,prototype placeholder; retain for behavior oracle
assets/heroes/shadowflame.svg,legacy/web-prototype/assets/heroes/shadowflame.svg,1022,44c882bb6084dd141c4dd84329753f31d261673ae3207808435e0606c61ae0ed,4bb244f1cf26db1ee3b2e9ef35599c85f3e88f8c6e3a332576ef6a9a1ae76b83,generated-asset,git-mv,prototype placeholder; retain for behavior oracle
assets/heroes/skydancer.svg,legacy/web-prototype/assets/heroes/skydancer.svg,1016,0648345500d8c58c78881ac45c697484e5b4fd71575406b4cedd07734881bec4,d5a76518e667a4a97f01475ae72d039a8f8947a6a3872c1df86ba294c70275cc,generated-asset,git-mv,prototype placeholder; retain for behavior oracle
assets/heroes/steelbane.svg,legacy/web-prototype/assets/heroes/steelbane.svg,1018,d6024183c36c5a5758f19b267e7f324e3d6043f8a1e9e435a6459d41b771239e,bfae546764f966794c2e0b967431e6b760093f3f82286f4956ce798336050dd7,generated-asset,git-mv,prototype placeholder; retain for behavior oracle
assets/heroes/stormblade.svg,legacy/web-prototype/assets/heroes/stormblade.svg,1010,96ff265bf071edf254e6ec7eb01263841e2f99af579594518cd4f8045a1ae42c,f1ddeb0079089d4e906c1936aff1c606a33adcbbf056417bf31968ce0e385f88,generated-asset,git-mv,prototype placeholder; retain for behavior oracle
assets/heroes/voidwalker.svg,legacy/web-prototype/assets/heroes/voidwalker.svg,1015,209fc39f2852538645a8f17f4ed1662d8aca92dce8900028b25591405143798b,a0ececd8e44bab6decb06ab5bb0ca7e1b44e95b504165f763f7bc6b16dad0ba0,generated-asset,git-mv,prototype placeholder; retain for behavior oracle
assets/heroes/windrider.svg,legacy/web-prototype/assets/heroes/windrider.svg,1012,1b812d02bb8f889cfd73b49b27c941144fab12e29cdc78c3e51faf1d8c484012,f9d0e0ec68cc873e2ec95f419bcc69dca48dbbc670c26f62db70e2dde3697b1e,generated-asset,git-mv,prototype placeholder; retain for behavior oracle
assets/sprites/blackthorn.json,legacy/web-prototype/assets/sprites/blackthorn.json,872,791742e60eb3240a5cdf2e9368a4f4cd3cfbf199f0ae7043e2a62420520c2242,9205ca64f970e0699202dff3df4f593b4d395ca80d2b0781eda06509ed5f7dda,generated-asset,git-mv,prototype animation metadata paired with placeholder sprite
assets/sprites/blackthorn.png,legacy/web-prototype/assets/sprites/blackthorn.png,1292351,dc497386674a61ee4f00d409f9e05c01b4c775d526cf70b9dbeab99cd6c72be0,dc497386674a61ee4f00d409f9e05c01b4c775d526cf70b9dbeab99cd6c72be0,generated-asset,git-mv,prototype placeholder; retain for behavior oracle
assets/sprites/bloodthorn.json,legacy/web-prototype/assets/sprites/bloodthorn.json,870,38c11ebd15457e436e4b17bba5504c884be5bae13f08acfa2bf1b177ade8a246,8454f0ea06a8ef40afa87be9c0ce80a455f9ab7811308d43de16c0aaf8673a38,generated-asset,git-mv,prototype animation metadata paired with placeholder sprite
assets/sprites/bloodthorn.png,legacy/web-prototype/assets/sprites/bloodthorn.png,47365,a530d2de5bf9837673a6e33bb305456a5274467f3006427b550bfbad82a4e71c,a530d2de5bf9837673a6e33bb305456a5274467f3006427b550bfbad82a4e71c,generated-asset,git-mv,prototype placeholder; retain for behavior oracle
assets/sprites/darion.json,legacy/web-prototype/assets/sprites/darion.json,864,92ea05b85edd1b7519766844c9c9742b475916a810ce3383ccf9951fdfc9253c,ee3a225176804cb7604e14f8c24e49e7137c21749116d38f8e13c11cee53fb58,generated-asset,git-mv,prototype animation metadata paired with placeholder sprite
assets/sprites/darion.png,legacy/web-prototype/assets/sprites/darion.png,1399328,31c44a9e571e1e1302c37d43ea815893d5b86d40adbb10899b2d0a4a8c2c96fb,31c44a9e571e1e1302c37d43ea815893d5b86d40adbb10899b2d0a4a8c2c96fb,generated-asset,git-mv,prototype placeholder; retain for behavior oracle
assets/sprites/darkbane.json,legacy/web-prototype/assets/sprites/darkbane.json,866,7b886f3d7c972d75000fd6b28889d39b369c7593c5346e43714371b77ebbf539,0131cf7fb398350bf1e2849f6b7f9bd8dd0a4be1794024a617f331a5893daca0,generated-asset,git-mv,prototype animation metadata paired with placeholder sprite
assets/sprites/darkbane.png,legacy/web-prototype/assets/sprites/darkbane.png,44664,3e062b8453039917cfdfd655fb26fdabb0f27420f8802555f751221c7ab5d9dd,3e062b8453039917cfdfd655fb26fdabb0f27420f8802555f751221c7ab5d9dd,generated-asset,git-mv,prototype placeholder; retain for behavior oracle
assets/sprites/duskwhisper.json,legacy/web-prototype/assets/sprites/duskwhisper.json,872,0043992e0a0a42dbb439248b6da4a7711a13b2afd4fdc10ccef9512217cec957,99ba4863d9408ff65d017c975cd2069c984645e63f7c0de39bb094b1444bb650,generated-asset,git-mv,prototype animation metadata paired with placeholder sprite
assets/sprites/duskwhisper.png,legacy/web-prototype/assets/sprites/duskwhisper.png,47843,9c7f9a9a60d75446082d62d0bfb986d8fefcf0cfaa48e9c8d391f976ec8b4173,9c7f9a9a60d75446082d62d0bfb986d8fefcf0cfaa48e9c8d391f976ec8b4173,generated-asset,git-mv,prototype placeholder; retain for behavior oracle
assets/sprites/emberforge.json,legacy/web-prototype/assets/sprites/emberforge.json,870,af3208a483f112af8a3280fb5e317206bd8098a513796666169dbf1112fae7cf,f0e1ae92fe2fddfd3671880cf2717440a0494670325e5d02c4ec5187b4fb5884,generated-asset,git-mv,prototype animation metadata paired with placeholder sprite
assets/sprites/emberforge.png,legacy/web-prototype/assets/sprites/emberforge.png,46221,24c30224ad2540bc5c6d63bc82927fef5824d1bdb6ad7c7ba4c2a038e1694bde,24c30224ad2540bc5c6d63bc82927fef5824d1bdb6ad7c7ba4c2a038e1694bde,generated-asset,git-mv,prototype placeholder; retain for behavior oracle
assets/sprites/fireheart.json,legacy/web-prototype/assets/sprites/fireheart.json,868,165b4ba73f4852c90ff6eec8f7e98cfefc15ae432406a9df4758589265539c72,b9b5c66fd87f862c4c8965af02be31e0abf01db8a562c6eb66a813d2d6c54d8e,generated-asset,git-mv,prototype animation metadata paired with placeholder sprite
assets/sprites/fireheart.png,legacy/web-prototype/assets/sprites/fireheart.png,45602,c105f88ff35e53637a5ed9368fb15d27f6f501e4af08849912fd321c9cf3eab4,c105f88ff35e53637a5ed9368fb15d27f6f501e4af08849912fd321c9cf3eab4,generated-asset,git-mv,prototype placeholder; retain for behavior oracle
assets/sprites/frostfang.json,legacy/web-prototype/assets/sprites/frostfang.json,864,9c354feaad9bb923fc44331408101697a91b22b84ed33be33e806fa0a7cfa745,0a9ff80f81af96b6689da245282c65deb4f3511787491b7e041dafb6bca43ce1,generated-asset,git-mv,prototype animation metadata paired with placeholder sprite
assets/sprites/frostfang.png,legacy/web-prototype/assets/sprites/frostfang.png,1535494,8795bfea414932bc6c276dc9b65cf5c89399fc2eea9463c68c04e0d8e725e1f4,8795bfea414932bc6c276dc9b65cf5c89399fc2eea9463c68c04e0d8e725e1f4,generated-asset,git-mv,prototype placeholder; retain for behavior oracle
assets/sprites/ironfist.json,legacy/web-prototype/assets/sprites/ironfist.json,868,d6534635f24a2b8a0662f548a53826ac9c0646dee50c3f3067efa95bfe05a1a3,6d5f475e551f7559ff8a63df089dd7d6ebfeb339243c4d988a3da9fd0dcd2c30,generated-asset,git-mv,prototype animation metadata paired with placeholder sprite
assets/sprites/ironfist.png,legacy/web-prototype/assets/sprites/ironfist.png,1340941,4bc2a6a0755ea1c544878c96c88449e8671ab1d199e94ae6883ac473d28d5bc6,4bc2a6a0755ea1c544878c96c88449e8671ab1d199e94ae6883ac473d28d5bc6,generated-asset,git-mv,prototype placeholder; retain for behavior oracle
assets/sprites/nightshade.json,legacy/web-prototype/assets/sprites/nightshade.json,872,66dca47ab05043195b1e923be7ee74b55e38b7fe2bc5bcf05d6b1f3b4b7c039d,c473afd78b635fca57f4429e522f352b6d98ff7fc849eb68546e344f0825195c,generated-asset,git-mv,prototype animation metadata paired with placeholder sprite
assets/sprites/nightshade.png,legacy/web-prototype/assets/sprites/nightshade.png,1372656,6b3c2e4c233dd4b692f8a11e7c6a4193cfed57ea29278241b88d5f035322ff88,6b3c2e4c233dd4b692f8a11e7c6a4193cfed57ea29278241b88d5f035322ff88,generated-asset,git-mv,prototype placeholder; retain for behavior oracle
assets/sprites/shadowflame.json,legacy/web-prototype/assets/sprites/shadowflame.json,874,4c4600a9e7bc7b431fb07de552db653671b5472275e5b111770cd8254341e2f1,873bd8f9bd53f2dd645be2f08ee45f79553e33b9f87d902f7686b7d80f5f11f2,generated-asset,git-mv,prototype animation metadata paired with placeholder sprite
assets/sprites/shadowflame.png,legacy/web-prototype/assets/sprites/shadowflame.png,1167088,a12d24c57563cc0ba04bce93ecb79f296504aa5de9234d2ba3a14e6a459c82a2,a12d24c57563cc0ba04bce93ecb79f296504aa5de9234d2ba3a14e6a459c82a2,generated-asset,git-mv,prototype placeholder; retain for behavior oracle
assets/sprites/skydancer.json,legacy/web-prototype/assets/sprites/skydancer.json,870,b0293ca8e3c44ac98dbb751e0cc20639c837ea80e7d10ab214c05f448be26e4b,fafecc2309b1fd92513fcf6671ca0743b8d2a05c24aab88c4ae66bf4d186c378,generated-asset,git-mv,prototype animation metadata paired with placeholder sprite
assets/sprites/skydancer.png,legacy/web-prototype/assets/sprites/skydancer.png,1242031,9093771e7d5be3a36d4b0adeb495106006a5db5c2e892b456dac1632f0301724,9093771e7d5be3a36d4b0adeb495106006a5db5c2e892b456dac1632f0301724,generated-asset,git-mv,prototype placeholder; retain for behavior oracle
assets/sprites/steelbane.json,legacy/web-prototype/assets/sprites/steelbane.json,870,794fcaf8bad9bf22ccbc4411dcb2fd80e82c056bc2330e79e344d9d3b03796d0,a383f6b627fc92042e14cadeaef9511fd309ad0c7af1ba8fec9a0c533614281c,generated-asset,git-mv,prototype animation metadata paired with placeholder sprite
assets/sprites/steelbane.png,legacy/web-prototype/assets/sprites/steelbane.png,1392895,f988ecf3c5dd2e0dfa31fcd9604b326b089decd88725544770bfe53ed8493280,f988ecf3c5dd2e0dfa31fcd9604b326b089decd88725544770bfe53ed8493280,generated-asset,git-mv,prototype placeholder; retain for behavior oracle
assets/sprites/stormblade.json,legacy/web-prototype/assets/sprites/stormblade.json,870,e3d279d61a7d9a02e694a6ebbf568840ac8c1f441a78441067d0da197b677cc3,ec5996e747142d0074f27887602f085d622ebdad24062585b4b69edb8cfcda88,generated-asset,git-mv,prototype animation metadata paired with placeholder sprite
assets/sprites/stormblade.png,legacy/web-prototype/assets/sprites/stormblade.png,46404,b29fe2f72cf82ae986711f00b8cea71abeb206ac8ba48e6924c48ce2def23711,b29fe2f72cf82ae986711f00b8cea71abeb206ac8ba48e6924c48ce2def23711,generated-asset,git-mv,prototype placeholder; retain for behavior oracle
assets/sprites/voidwalker.json,legacy/web-prototype/assets/sprites/voidwalker.json,872,5c27e3cab4e1904dd7fcdea7476bf12d15c103e13d42fed40eb968f1b36a3e4b,a8b0446200537594bb98142adbc99925fe21a4ea5b6f1bfc91da8ef8a0e2c16f,generated-asset,git-mv,prototype animation metadata paired with placeholder sprite
assets/sprites/voidwalker.png,legacy/web-prototype/assets/sprites/voidwalker.png,1247486,8235d2a5769739818c15dda09a1ca0ca223bbc051f9cad39080273e115f8b07f,8235d2a5769739818c15dda09a1ca0ca223bbc051f9cad39080273e115f8b07f,generated-asset,git-mv,prototype placeholder; retain for behavior oracle
assets/sprites/windrider.json,legacy/web-prototype/assets/sprites/windrider.json,868,907a54a5bb88955f605052c64865050f2ab044c2b4b858d8e55caa50753b4d55,a9b954097f2ceeec1c1e9a689cb4611ce95475e2d1e38b4e57762dd251209af7,generated-asset,git-mv,prototype animation metadata paired with placeholder sprite
assets/sprites/windrider.png,legacy/web-prototype/assets/sprites/windrider.png,47114,c643dfe441219d6caec1ab32cc46e2e26b810f0128f81c386385d5f46c991167,c643dfe441219d6caec1ab32cc46e2e26b810f0128f81c386385d5f46c991167,generated-asset,git-mv,prototype placeholder; retain for behavior oracle
assets/ui/market/btn_cards.png,legacy/web-prototype/assets/ui/market/btn_cards.png,4613968,765aed62461f1a49ab6e6f09ee7c08a4e47bdf9d10c9ca6b850bb23838f31b97,765aed62461f1a49ab6e6f09ee7c08a4e47bdf9d10c9ca6b850bb23838f31b97,reference,git-mv,production candidate only after rights and visual review
assets/ui/market/btn_lock.png,legacy/web-prototype/assets/ui/market/btn_lock.png,2874529,a127032ab6720316e739f51879e5c449d8a317afd6c74646764eec498c8189bd,a127032ab6720316e739f51879e5c449d8a317afd6c74646764eec498c8189bd,reference,git-mv,production candidate only after rights and visual review
assets/ui/market/btn_market.png,legacy/web-prototype/assets/ui/market/btn_market.png,1441873,0e4bb21941fc583875232675f62fc1636f18522856f60011e7496cf2b2843e63,0e4bb21941fc583875232675f62fc1636f18522856f60011e7496cf2b2843e63,reference,git-mv,production candidate only after rights and visual review
assets/ui/market/btn_random.png,legacy/web-prototype/assets/ui/market/btn_random.png,3994778,dcb5bfe644b0ca00f18304f3c8794a9dacb9afce1ad95d49cb425102a6859f27,dcb5bfe644b0ca00f18304f3c8794a9dacb9afce1ad95d49cb425102a6859f27,reference,git-mv,production candidate only after rights and visual review
assets/ui/market/btn_ready.png,legacy/web-prototype/assets/ui/market/btn_ready.png,1084370,43762375fe1ac7cfedd48f73a697b4585247f1142336ffa84391ae526147cdcd,43762375fe1ac7cfedd48f73a697b4585247f1142336ffa84391ae526147cdcd,reference,git-mv,production candidate only after rights and visual review
assets/ui/market/btn_reroll.png,legacy/web-prototype/assets/ui/market/btn_reroll.png,2749104,0b52e5668fc50ace822f98ec9dfd3e1896c588db25d077beb411bdd69d818ccb,0b52e5668fc50ace822f98ec9dfd3e1896c588db25d077beb411bdd69d818ccb,reference,git-mv,production candidate only after rights and visual review
assets/ui/market/btn_undo.png,legacy/web-prototype/assets/ui/market/btn_undo.png,2692586,a1dc1194892363206826ceacac7adaa334b48b2c0eac0dfe00396c842a003b92,a1dc1194892363206826ceacac7adaa334b48b2c0eac0dfe00396c842a003b92,reference,git-mv,production candidate only after rights and visual review
assets/ui/market/btn_unlock.png,legacy/web-prototype/assets/ui/market/btn_unlock.png,3470690,0fc33aef8e0ed0d0ab4e2cc14ccd272ed34246d525558c5c7c75b7fa6b8f6072,0fc33aef8e0ed0d0ab4e2cc14ccd272ed34246d525558c5c7c75b7fa6b8f6072,reference,git-mv,production candidate only after rights and visual review
assets/ui/market/card_frame_common_double.png,legacy/web-prototype/assets/ui/market/card_frame_common_double.png,1007513,3f774dc85f14df2c8db6a8e4b7fc52e4784cbd4bdcfd4c714c072e454f6b6378,3f774dc85f14df2c8db6a8e4b7fc52e4784cbd4bdcfd4c714c072e454f6b6378,reference,git-mv,production candidate only after rights and visual review
assets/ui/market/card_frame_common_single.png,legacy/web-prototype/assets/ui/market/card_frame_common_single.png,947209,9bb877aae20c405e5c1db984987193149a3be38654ddfed62c887423350d6e40,9bb877aae20c405e5c1db984987193149a3be38654ddfed62c887423350d6e40,reference,git-mv,production candidate only after rights and visual review
assets/ui/market/card_frame_epic.png,legacy/web-prototype/assets/ui/market/card_frame_epic.png,2020193,3d8e86d3a6c75f064887dd29eedec9a6854de08a36981f8730c7bf60a9c27afd,3d8e86d3a6c75f064887dd29eedec9a6854de08a36981f8730c7bf60a9c27afd,reference,git-mv,production candidate only after rights and visual review
assets/ui/market/card_frame_legendary.png,legacy/web-prototype/assets/ui/market/card_frame_legendary.png,2050113,b3fd895dad71d385686c73e721798ab1df8b06ff710a6ff673d69ddc05f04daa,b3fd895dad71d385686c73e721798ab1df8b06ff710a6ff673d69ddc05f04daa,reference,git-mv,production candidate only after rights and visual review
assets/ui/market/gold_panel.png,legacy/web-prototype/assets/ui/market/gold_panel.png,187663,8e545a9fddc6288d5f68be960fc8e2ce6446730358434b1c8c99ce562428593f,8e545a9fddc6288d5f68be960fc8e2ce6446730358434b1c8c99ce562428593f,reference,git-mv,production candidate only after rights and visual review
assets/ui/market/hero_panel.png,legacy/web-prototype/assets/ui/market/hero_panel.png,238238,3711b6422d8752d55a074faf50dbd011897ec6b9245bd97ba97473f742f6acad,3711b6422d8752d55a074faf50dbd011897ec6b9245bd97ba97473f742f6acad,reference,git-mv,production candidate only after rights and visual review
assets/ui/market/left_standings_panel.png,legacy/web-prototype/assets/ui/market/left_standings_panel.png,479896,bb3c23bad310d3b496ca0c550dd4480de5bea0ec8b9337b2e62610a5b0d0b5bb,bb3c23bad310d3b496ca0c550dd4480de5bea0ec8b9337b2e62610a5b0d0b5bb,reference,git-mv,production candidate only after rights and visual review
assets/ui/market/recap_pill.png,legacy/web-prototype/assets/ui/market/recap_pill.png,100862,f729532195a090f4eec8e956191923127fd174b159c0a07d5b0e2ad56930e79b,f729532195a090f4eec8e956191923127fd174b159c0a07d5b0e2ad56930e79b,reference,git-mv,production candidate only after rights and visual review
assets/ui/market/right_banned_panel.png,legacy/web-prototype/assets/ui/market/right_banned_panel.png,136955,d7f039f38d31e9cfba14bed71fdcf52b9a39863c9c3622e8273c2def6895d812,d7f039f38d31e9cfba14bed71fdcf52b9a39863c9c3622e8273c2def6895d812,reference,git-mv,production candidate only after rights and visual review
assets/ui/market/right_damage_panel.png,legacy/web-prototype/assets/ui/market/right_damage_panel.png,279764,3db4e68786899e81f884275a5676e416960ff7e73402ba4a082209c0281c1ce7,3db4e68786899e81f884275a5676e416960ff7e73402ba4a082209c0281c1ce7,reference,git-mv,production candidate only after rights and visual review
assets/ui/market/right_traits_panel.png,legacy/web-prototype/assets/ui/market/right_traits_panel.png,319895,4de395cdece2cbbf7f723e325f46b26bf244d53a59ae4f7b9b2dd26bea449f1c,4de395cdece2cbbf7f723e325f46b26bf244d53a59ae4f7b9b2dd26bea449f1c,reference,git-mv,production candidate only after rights and visual review
assets/ui/market/top_round_badge.png,legacy/web-prototype/assets/ui/market/top_round_badge.png,334828,48f3065c4bfd334edd72adf8ffc68c868b5bb2cc5c5a82a2344dc69b330bb0b8,48f3065c4bfd334edd72adf8ffc68c868b5bb2cc5c5a82a2344dc69b330bb0b8,reference,git-mv,production candidate only after rights and visual review
data/arenas/arena01_beast_crucible.json,legacy/web-prototype/data/arenas/arena01_beast_crucible.json,4233,4b873d440b6529ec6c0c9bff8abfff8dce4266fd49107f51d8aba22d11195e1f,8dafe60cb758c88c7e0761d59f9fb3b232f5c3e606adece10fcf0d0caa26d1b7,current-js-behavior-prototype,git-mv,preserve byte-for-byte in isolated web root
data/arenas/arena_manifest.json,legacy/web-prototype/data/arenas/arena_manifest.json,380,1e9eef050263ac22e6b8cc5500be1ae6ab959fb9b26b400e765fc15c8a4cc230,301ca0f39c34974aa074eb4c5d9ae22d8cc26e70401bb0fa91a16ac10461b630,current-js-behavior-prototype,git-mv,preserve byte-for-byte in isolated web root
data/asset_index.json,legacy/web-prototype/data/asset_index.json,43106,2f75edac9fa521137e4a683928af82c6496c6a13b3f97713e36709a20c51492e,85dc6199488849e55ea200448ba4ef200d07a725d4340355862710f85d0ecdbc,current-js-behavior-prototype,git-mv,preserve byte-for-byte in isolated web root
data/asset_manifest.json,legacy/web-prototype/data/asset_manifest.json,47347,7ffa44c1a79ca74a74540a93c4aa4845841e3b72cc966b827d8e7f0d1606d928,3f01cd3a351ac702acab5fda41d5a6486a987577c5d76fa152fa45ff8e33ac83,current-js-behavior-prototype,git-mv,preserve byte-for-byte in isolated web root
data/branch_logos_legacy.json,legacy/web-prototype/data/branch_logos_legacy.json,589,1605a4e5bdf7957abf16e052d8974f4ca22f226091b2e7625a6909911adc6f4d,fb2aa14e2cb7c1c8d7e0d178ddcde74ee42139d8adc54164fadd018e992ad77f,current-js-behavior-prototype,git-mv,preserve byte-for-byte in isolated web root
data/branches.json,legacy/web-prototype/data/branches.json,1552,d90b20d6e4a37d06c3e2d43cb7d49f4e50031fba03da1e9a33f3eca9b1cb2593,af90dd666ac20a6d3511bb82c5593d7e39ca2b05b4787c37d648d197caeef31f,canonical-data,git-mv,identity/metadata or verified baseline constants; see data_source_map.md
data/cards.json,legacy/web-prototype/data/cards.json,231870,8396c7f2489eed34a221098c244f42a6c535b1bc2b3c498c1db743e94bc80b38,90c794a11eb55a2b21c41329f387e6bc353e777e6013e625b1cdae46f81d360e,current-js-behavior-prototype,git-mv,preserve byte-for-byte in isolated web root
data/economy.json,legacy/web-prototype/data/economy.json,394,32087569897f9aa012d2bbf282d1b57ad902326f9c5cb5ea38b4507bc112d49a,39a5fc50dc8acac1b88c70ec04285d8b93df7b63991276b14c1fbc866c28def7,canonical-data,git-mv,identity/metadata or verified baseline constants; see data_source_map.md
data/enemies.json,legacy/web-prototype/data/enemies.json,2465,5004627442a7f8c0f639cb61f885606d656b6fede6836c782b4f1b8fbdd68b4f,3cdc0ee003c88dabb41ef70ffd58bfdc161ea9900f7385b66a047206489e0ae6,current-js-behavior-prototype,git-mv,preserve byte-for-byte in isolated web root
data/final_art.json,legacy/web-prototype/data/final_art.json,1189,42fca21a5d458a73dd42262d9ef695994374d05ecac98dd6495a58a8fe75a3fd,0ce953c5816b988d5e343b58ff9e8e0183d9ad2b6bb3ff247f8d88e5ed892b61,current-js-behavior-prototype,git-mv,preserve byte-for-byte in isolated web root
data/heroes.json,legacy/web-prototype/data/heroes.json,10583,6774ec57564c05bf833147eeb92643e6a71af87f38c985c23dca939d45049b9d,ac60d8d90b7c8f97159eea274e938d49f270c24979fb37081c57cd5770a917c4,current-js-behavior-prototype,git-mv,preserve byte-for-byte in isolated web root
data/legacy_deck_import_report.json,legacy/web-prototype/data/legacy_deck_import_report.json,1375,3a88b23d8d283d6c5f4e30e678ee3c806e9d8c0ffb55d5b6a7fd826706946acb,e95884156e496888f13d4e22beeb8a47a941a706ccdbcfac8ec38458189febb2,current-js-behavior-prototype,git-mv,preserve byte-for-byte in isolated web root
data/legacy_deck_source.json,legacy/web-prototype/data/legacy_deck_source.json,165473,147a4c37569e9f1b5b3fad344ea2d80167ba119adc9338e69b619a3688d26c98,6accd40165b2ad925b904d7ea4ac6125b5c50e5df24f56ecbbb2d833b122563d,canonical-data,git-mv,identity/metadata or verified baseline constants; see data_source_map.md
data/runtime.json,legacy/web-prototype/data/runtime.json,461,e687062feb239732f6229cf3ec7e03d64d90a04707d11ccda270202a971cb8be,c9b30330ac02d92eb769ce90c395750d6766dfe20ff4bb0e7c2cb39f400bf11e,current-js-behavior-prototype,git-mv,preserve byte-for-byte in isolated web root
data/sprites_manifest.json,legacy/web-prototype/data/sprites_manifest.json,2558,41bb51254f8cf9b7e000907f0b786c57a4eaaa3068942720aa30e01a4a52df15,3522254b7c8f423d213c8e6bf1432a32422d4ac3a06bc0c67d96b706f4c69194,current-js-behavior-prototype,git-mv,preserve byte-for-byte in isolated web root
data/ui_assets.json,legacy/web-prototype/data/ui_assets.json,2012,d8f52a64a2d56e61af0191d4fc8ac24f915e4fee753b8f08dd1222aea934593f,450156f2a694b5b7f536dd80dbc315876bc33bcf6fad7c299a99ddf3fdf8ee63,current-js-behavior-prototype,git-mv,preserve byte-for-byte in isolated web root
docs/ARENA01_IMPLEMENTATION_NOTES.md,legacy/web-prototype/docs/ARENA01_IMPLEMENTATION_NOTES.md,1470,7756224c98b518aadf29c01de95771143bbcc6a060bb3029cddc4b687a9fe0cc,90193d21522d5dcc7ddfd955a89e785cf520ff8f7d371e1d6f0ba89e1d4d741c,reference,git-mv,project governance or historical documentation; target identifies retention
docs/ARENA_FLOW_HERO_DRAFT_v1_8.md,legacy/web-prototype/docs/ARENA_FLOW_HERO_DRAFT_v1_8.md,1162,d8f1d4de58421d249f7385dbb2165437a159616858aa9373c1a4040a7a6b8ecf,1abd553ff387e2943c293fab7c35f550dd8196f745e996d9777af30b4273a0de,reference,git-mv,project governance or historical documentation; target identifies retention
docs/ASSET_PIPELINE_v1_1.md,legacy/web-prototype/docs/ASSET_PIPELINE_v1_1.md,1295,fd91e4f2f5423ac26b8f2b2314ce8690d67d929cfb3db3e2713ef9cc29cb8ba5,86852fa730cbfc39ec3d890b713aec39db17118c002f302a59f82b715322ac77,reference,git-mv,project governance or historical documentation; target identifies retention
docs/BOT_LEAGUE_COMBAT_POLISH_v0_9.md,legacy/web-prototype/docs/BOT_LEAGUE_COMBAT_POLISH_v0_9.md,935,53f560db7bc836dd49b04e2f3959e7fb09edf3d808b913d38a41a151f8e8e132,a81efde69f550cc8069ba9fb0e27af7e125e7836d26beb693ac43dfbeee60d24,reference,git-mv,project governance or historical documentation; target identifies retention
docs/COMBAT_READABILITY_v1_1.md,legacy/web-prototype/docs/COMBAT_READABILITY_v1_1.md,1033,cd30adeb6b8c7fb1a0a1d2653c4c160432483f25cd2865ea2c46f2bce88bc5aa,f09475b98b3980db2abd430fcde0d3745376e6f8053f5aeeb49430a87cf9dfee,reference,git-mv,project governance or historical documentation; target identifies retention
docs/ENGINE_ARCHITECTURE.md,legacy/web-prototype/docs/ENGINE_ARCHITECTURE.md,444,bccc7659c72bbd0c6d72408bb5bdf4bfb285164313b3d19c9ee6f56ddeac4855,9714e8abbcddd8e34f21d60d8b828edab1630598dd02a685fa42ecd42d8fdfac,reference,git-mv,project governance or historical documentation; target identifies retention
docs/FIGHTER_UI_ARENA01_INTEGRATION_v1_3.md,legacy/web-prototype/docs/FIGHTER_UI_ARENA01_INTEGRATION_v1_3.md,1838,6017155630d6fa0d548b5c8e1bcb71748e35adda74e75147836a1176e842575e,e3ff56f93e971d958038e8b8e0baf895c0656f372c5e23fe0e817cfe34485aa8,reference,git-mv,project governance or historical documentation; target identifies retention
docs/LANDSCAPE_MOBILE_UX_v1_0.md,legacy/web-prototype/docs/LANDSCAPE_MOBILE_UX_v1_0.md,690,704598e061e6d7f8f352d77b825f1a21a3b9b4b11df787a9cd133934f774df56,31aa70e250a3489a629b13ad277e73497e269b7edca631e432ad9f73ae7a7ea0,reference,git-mv,project governance or historical documentation; target identifies retention
docs/LEGACY_DECK_EXACT_IMPORT_v1_5.md,legacy/web-prototype/docs/LEGACY_DECK_EXACT_IMPORT_v1_5.md,2081,78d43fd8db4241fb834261521e74d8045d35b5679d6dc8b6174c72c56381a8c5,fec47ebb54ac1160241c0647c6058c61c98f5021f9ee2d2030749a88e6613330,reference,git-mv,project governance or historical documentation; target identifies retention
docs/LEGACY_EFFECTS_MAPPING_v1_6.md,legacy/web-prototype/docs/LEGACY_EFFECTS_MAPPING_v1_6.md,7233,1e4df2b0e74ec3bc1b7f141ca0324956b58ac6bdb382b32e86c3eada8bad81eb,5fd3620419d3c6035942ceac42987e8648c2b5e110d619f2dbc88cf171b41d21,reference,git-mv,project governance or historical documentation; target identifies retention
docs/MARKET_ACTIONS_POLISH_v1_11.md,legacy/web-prototype/docs/MARKET_ACTIONS_POLISH_v1_11.md,1635,cbf0bef53b6cfad3946c4b9aa6a9e6012f032e282d8a1d59a5b4ce9b0a7bd8af,1284429d96b3f8971081518eabe5bc6193379fe1939c93516c41b9fcb18cf391,reference,git-mv,project governance or historical documentation; target identifies retention
docs/MARKET_COMPLETE_v0_8.md,legacy/web-prototype/docs/MARKET_COMPLETE_v0_8.md,993,ad41ff308b390619d47f918511484508ffaf81e8a6e0aed06a78a36c2a909d6c,effbf4610016de0f0feb4b47b727760dd958f77524a854e2efd3531e417083f5,reference,git-mv,project governance or historical documentation; target identifies retention
docs/MARKET_READABILITY_CARD_INSPECT_v1_10.md,legacy/web-prototype/docs/MARKET_READABILITY_CARD_INSPECT_v1_10.md,1797,260cc48fe403ba236d2db8ed216d69e52be314159450bc5ad9674229b905c7c0,694e11907f6f2cbf513570329f69cecb69ad22b3df0bd206fc63d699a237afc2,reference,git-mv,project governance or historical documentation; target identifies retention
docs/MARKET_UI_ASSET_INTEGRATION_v1_12_1.md,legacy/web-prototype/docs/MARKET_UI_ASSET_INTEGRATION_v1_12_1.md,544,11b4943a9e2d0b842fdffadf6a35bf704ee0a984866b3db2d65038d9efd0ed35,2bf80e79b70c7ca079d99ed30984706d94f1291ae246c6c551f0b7a561a472e2,reference,git-mv,project governance or historical documentation; target identifies retention
docs/MARKET_UI_RESKIN_v1_12.md,legacy/web-prototype/docs/MARKET_UI_RESKIN_v1_12.md,1433,e0f41a01c7dcd6c18122ef4da9d1910c9423de206b88358a7833a09a5abc6db9,140048dd64ac25256081cb4f91fe3dbca0513fdcedade72d4fb2278fbf86d748,reference,git-mv,project governance or historical documentation; target identifies retention
docs/NO_CARD_SELLING_v1_11_1.md,legacy/web-prototype/docs/NO_CARD_SELLING_v1_11_1.md,562,d1bb32dc4ad167846efff29179fa4cbc2b6501a8733a2a80982a7b319eae7d84,bd91b408c154e55ce7e43b99b438297e1802432e8e2499a8ae732d1f90c26a47,reference,git-mv,project governance or historical documentation; target identifies retention
docs/OVERLAY_UI_CARD_DRAWER_v1_4.md,legacy/web-prototype/docs/OVERLAY_UI_CARD_DRAWER_v1_4.md,1374,dbf5000efbd595f8657b4bb48f8a5a4d844923e1e299f189fe97934de86973bf,c7e51d2de4f1ef038ffea3438257f2471f4ee4520ce55d4cabd2f02e0f1873f8,reference,git-mv,project governance or historical documentation; target identifies retention
docs/ROUND_RECAP_OVERLAY_v1_9.md,legacy/web-prototype/docs/ROUND_RECAP_OVERLAY_v1_9.md,1049,7c60e0bc4e4a9a94300d36b0dd7efc96e7c6c7b14ac6c8d8e116d463d3422bf5,766d5d7bea016674d95582c017f1b3704329451e041de32f72dcbaf1e90758ca,reference,git-mv,project governance or historical documentation; target identifies retention
docs/RUNTIME_JSON_LEAGUE_FIX_v1_7.md,legacy/web-prototype/docs/RUNTIME_JSON_LEAGUE_FIX_v1_7.md,1220,cdedd5de471cf6ab7757ea79ceb445f13fa1e38afefc33a8f417c630f832f46a,0b02d16f20f857c5b6a753fd4660f944682e7a2de95c5b2c3736ff2baffe22d6,reference,git-mv,project governance or historical documentation; target identifies retention
docs/SPRITE_PIPELINE_v1_7.md,legacy/web-prototype/docs/SPRITE_PIPELINE_v1_7.md,5581,965c7ca11e586d400569a5aa111acde7b989f526b053227dacaf56f911b13122,726a1193391d2e2405979380c9dbbb11153dfc58e55a517739fdf515c9e44202,reference,git-mv,project governance or historical documentation; target identifies retention
docs/architecture/ADR-0001-engine-and-rendering.md,docs/architecture/ADR-0001-engine-and-rendering.md,1503,de0dc4fc998afac57c81b892fbb8aed4d7ccd0a14d457aedc4e7c17fac64257a,de0dc4fc998afac57c81b892fbb8aed4d7ccd0a14d457aedc4e7c17fac64257a,reference,keep,project governance or historical documentation; target identifies retention
docs/architecture/ADR-0002-blender-asset-pipeline.md,docs/architecture/ADR-0002-blender-asset-pipeline.md,1389,bd9c369e24677e8532980d4e5fb0638724b60464813cc125a0722b3e4491dd2b,bd9c369e24677e8532980d4e5fb0638724b60464813cc125a0722b3e4491dd2b,reference,keep,project governance or historical documentation; target identifies retention
docs/codex/CODEX_WORKFLOW.md,docs/codex/CODEX_WORKFLOW.md,1562,06fcee333c8461f80ecc5eef18c6127523ab9624432322fe3c006a98393da94a,06fcee333c8461f80ecc5eef18c6127523ab9624432322fe3c006a98393da94a,reference,keep,project governance or historical documentation; target identifies retention
docs/codex/MCP_PLAN.md,docs/codex/MCP_PLAN.md,2054,1fc4be7e9cae7b35b477370f073225180615cc7b5074badf5bdbafffaa1efe22,1fc4be7e9cae7b35b477370f073225180615cc7b5074badf5bdbafffaa1efe22,reference,keep,project governance or historical documentation; target identifies retention
docs/codex/PROMPT_TEMPLATE.md,docs/codex/PROMPT_TEMPLATE.md,865,9a4cc094891e4a72e261d5f20cd757a4f900fc5217c6073c6968e8e248c91917,9a4cc094891e4a72e261d5f20cd757a4f900fc5217c6073c6968e8e248c91917,reference,keep,project governance or historical documentation; target identifies retention
docs/exec-plans/active/V1_15_FOUNDATION.md,docs/exec-plans/active/V1_15_FOUNDATION.md,3110,32056acbeb4e9c048f6030ef2def33bec1c5dc6dd211b3f0855f23ba4d756f8d,32056acbeb4e9c048f6030ef2def33bec1c5dc6dd211b3f0855f23ba4d756f8d,reference,keep,project governance or historical documentation; target identifies retention
docs/exec-plans/completed/.gitkeep,docs/exec-plans/completed/.gitkeep,0,e3b0c44298fc1c149afbf4c8996fb92427ae41e4649b934ca495991b7852b855,e3b0c44298fc1c149afbf4c8996fb92427ae41e4649b934ca495991b7852b855,reference,keep,project governance or historical documentation; target identifies retention
docs/index.md,docs/index.md,646,a9dcf89f5fed5b9d974c0c367a963031db75f6ee7642edf575a0e0401cc6d002,a9dcf89f5fed5b9d974c0c367a963031db75f6ee7642edf575a0e0401cc6d002,reference,keep,project governance or historical documentation; target identifies retention
docs/migration/LEGACY_INVENTORY.md,docs/migration/LEGACY_INVENTORY.md,1856,375d8975a86cb50ee42ed0332c4a8632cc2dd7d804b607e53ff45d3721af1e19,375d8975a86cb50ee42ed0332c4a8632cc2dd7d804b607e53ff45d3721af1e19,reference,keep,project governance or historical documentation; target identifies retention
docs/product-specs/CANONICAL_DATA.md,docs/product-specs/CANONICAL_DATA.md,1163,fb6a1dd2161ebba9c639b9049120f5842c184491f174fea2bce996e3c95f5202,fb6a1dd2161ebba9c639b9049120f5842c184491f174fea2bce996e3c95f5202,reference,keep,project governance or historical documentation; target identifies retention
docs/product-specs/GAME_PILLARS.md,docs/product-specs/GAME_PILLARS.md,1193,5fa9bcce41d81cbd4931953e5fd6c6db05e0a65519368ef9f78c28dc62145402,5fa9bcce41d81cbd4931953e5fd6c6db05e0a65519368ef9f78c28dc62145402,reference,keep,project governance or historical documentation; target identifies retention
docs/qa/QUALITY_GATES.md,docs/qa/QUALITY_GATES.md,1632,54801d26da2969356d4a9e91fd932e93b746d902ea133dd029d9161262588a9f,54801d26da2969356d4a9e91fd932e93b746d902ea133dd029d9161262588a9f,reference,keep,project governance or historical documentation; target identifies retention
docs/references/SOURCES.md,docs/references/SOURCES.md,2756,50d682bbaefb48ff2e4d6431cff4d6895d3186e33e501ad90b33385f727a696c,50d682bbaefb48ff2e4d6431cff4d6895d3186e33e501ad90b33385f727a696c,reference,keep,project governance or historical documentation; target identifies retention
docs/references/visual/README.md,docs/references/visual/README.md,2285,3b689b4ebea0a6286b4a9423be9fd43302062f0c94b60ff7723a82091a99d89b,3b689b4ebea0a6286b4a9423be9fd43302062f0c94b60ff7723a82091a99d89b,reference,keep,project governance or historical documentation; target identifies retention
docs/references/visual/reference_manifest.json,docs/references/visual/reference_manifest.json,650,42e7e79e2d81c41d952e208b9f950ec5f262fbbad7b6f112d0aea0b1defef052,42e7e79e2d81c41d952e208b9f950ec5f262fbbad7b6f112d0aea0b1defef052,reference,keep,foundation reference registry; example entry to replace with inventory
game/README.md,game/README.md,236,1eb8684db563bff7c7dadcd5234a87de92caf21c0a2e7837bbb6b0bc486e008f,1eb8684db563bff7c7dadcd5234a87de92caf21c0a2e7837bbb6b0bc486e008f,reference,keep,project governance or historical documentation; target identifies retention
index.html,legacy/web-prototype/index.html,763,3cbd702a9d2f4a41134d860e3a10ea767b53683d3e3fd5e63eb6c52c652b72ae,9303a3c172e58939a059ee7c8b3e5926f64e4f4427b9ad7906c4c132654aca8b,current-js-behavior-prototype,git-mv,preserve byte-for-byte in isolated web root
legacy/README.md,legacy/README.md,511,b85c6064a68c561c40a14c7c1b8e67d2d3868ad71a81a28488f84ad28f3e99eb,b85c6064a68c561c40a14c7c1b8e67d2d3868ad71a81a28488f84ad28f3e99eb,reference,keep,project governance or historical documentation; target identifies retention
manifest.webmanifest,legacy/web-prototype/manifest.webmanifest,240,093b7c9a723e649a6f934db4c5e2b8318d99f08e7a1c8c462643eea779973f82,82d8ac9e3705d6af35bb5bb7e79b5ecea381a0de81a5f86a37a557af34580307,current-js-behavior-prototype,git-mv,preserve byte-for-byte in isolated web root
previews/arena01_composite_static.png,legacy/web-prototype/previews/arena01_composite_static.png,1782589,656e85fc60a6dfa44393cd7b34cf05f97ec76e8b53ca8539f174e141a9171cad,656e85fc60a6dfa44393cd7b34cf05f97ec76e8b53ca8539f174e141a9171cad,reference,git-mv,production candidate only after rights and visual review
references/visual/arenas/.gitkeep,references/visual/arenas/.gitkeep,0,e3b0c44298fc1c149afbf4c8996fb92427ae41e4649b934ca495991b7852b855,e3b0c44298fc1c149afbf4c8996fb92427ae41e4649b934ca495991b7852b855,reference,keep,project governance or historical documentation; target identifies retention
references/visual/brand-ui/.gitkeep,references/visual/brand-ui/.gitkeep,0,e3b0c44298fc1c149afbf4c8996fb92427ae41e4649b934ca495991b7852b855,e3b0c44298fc1c149afbf4c8996fb92427ae41e4649b934ca495991b7852b855,reference,keep,project governance or historical documentation; target identifies retention
references/visual/cards/.gitkeep,references/visual/cards/.gitkeep,0,e3b0c44298fc1c149afbf4c8996fb92427ae41e4649b934ca495991b7852b855,e3b0c44298fc1c149afbf4c8996fb92427ae41e4649b934ca495991b7852b855,reference,keep,project governance or historical documentation; target identifies retention
references/visual/characters/.gitkeep,references/visual/characters/.gitkeep,0,e3b0c44298fc1c149afbf4c8996fb92427ae41e4649b934ca495991b7852b855,e3b0c44298fc1c149afbf4c8996fb92427ae41e4649b934ca495991b7852b855,reference,keep,project governance or historical documentation; target identifies retention
references/visual/expressions/.gitkeep,references/visual/expressions/.gitkeep,0,e3b0c44298fc1c149afbf4c8996fb92427ae41e4649b934ca495991b7852b855,e3b0c44298fc1c149afbf4c8996fb92427ae41e4649b934ca495991b7852b855,reference,keep,project governance or historical documentation; target identifies retention
references/visual/fx/.gitkeep,references/visual/fx/.gitkeep,0,e3b0c44298fc1c149afbf4c8996fb92427ae41e4649b934ca495991b7852b855,e3b0c44298fc1c149afbf4c8996fb92427ae41e4649b934ca495991b7852b855,reference,keep,project governance or historical documentation; target identifies retention
references/visual/ux/.gitkeep,references/visual/ux/.gitkeep,0,e3b0c44298fc1c149afbf4c8996fb92427ae41e4649b934ca495991b7852b855,e3b0c44298fc1c149afbf4c8996fb92427ae41e4649b934ca495991b7852b855,reference,keep,project governance or historical documentation; target identifies retention
src/arena/ArenaLoader.js,legacy/web-prototype/src/arena/ArenaLoader.js,749,dfb2862600986801b2d1ed91cf75e1deaabb4ef79a74f0b86140e6e0c00e3ad0,84f9d737fed002d66c9e6a44917523a3ff7ff3c326c5e9557fd89e1bbfa36c11,current-js-behavior-prototype,git-mv,preserve byte-for-byte in isolated web root
src/arena/ParallaxArena.js,legacy/web-prototype/src/arena/ParallaxArena.js,5723,7ab33d3d2655b10bd7c772298095ffdcb596bd976d1d8675806bf7ef1dfec427,b52b41226b21fb0e25aab33583a0a676b39b345e5b8f000a5c4d94560fcf644f,current-js-behavior-prototype,git-mv,preserve byte-for-byte in isolated web root
src/engine/AnimationSystem.js,legacy/web-prototype/src/engine/AnimationSystem.js,2275,a8e8576dd11ef3cd50c97b6ef2ae3c30e2f87e905f903c7834b9204af379643b,dfba5bc692176e07c1894892875227cc8999c722a8bb70914e5024c768d13a96,current-js-behavior-prototype,git-mv,preserve byte-for-byte in isolated web root
src/engine/AssetManager.js,legacy/web-prototype/src/engine/AssetManager.js,4104,2775e274cd83f30d596bebe87d7478abae010f2b0c1ad1c0c4c10c7dbc6f2f39,b08b742fd8e9c12f5ea712506b44d8ef313548d7d1ebc264e779d6dc0054ad71,current-js-behavior-prototype,git-mv,preserve byte-for-byte in isolated web root
src/engine/Audio.js,legacy/web-prototype/src/engine/Audio.js,396,e68745a178dedefd7e94d744d0103117d0a094c144a73fb8d1e4932956673eb7,1c9b4e5ee4ce7fc0a337d3c71fc9820e8197dd429500825f3843a5b963ced672,current-js-behavior-prototype,git-mv,preserve byte-for-byte in isolated web root
src/engine/CinematicSystem.js,legacy/web-prototype/src/engine/CinematicSystem.js,3379,d34d5861fda674de6644359c26cd8287b09a2b022c8d793d0cb21d802b7f150d,55bd6b2e6eaf71d53407f376a35088b5874ae9af1326de5ee01342e1d0f4283f,current-js-behavior-prototype,git-mv,preserve byte-for-byte in isolated web root
src/engine/Input.js,legacy/web-prototype/src/engine/Input.js,950,211085ae49bc30504e7f685b9bb972dc35eb51bc8e5eea6ce1f92fd7a7c4bded,ae8c1152954e8c49e8c0516032eb6625c1732b59aacf17354622f26c8e298afc,current-js-behavior-prototype,git-mv,preserve byte-for-byte in isolated web root
src/engine/Particles.js,legacy/web-prototype/src/engine/Particles.js,492,e9942aec3b16de13cf6e6baaf2e656026c11d9f4baf29a2576354e4b2d0635a9,7c7be01c1ad401b22f019f1e997ec4de3703c795082c98d86b6a39280da2d1fa,current-js-behavior-prototype,git-mv,preserve byte-for-byte in isolated web root
src/engine/Renderer.js,legacy/web-prototype/src/engine/Renderer.js,7644,f0a9012ddb15ad970295a48057837defc795ec378e2d8c37d66806f44911bb0b,1cbd13eff45d48f409d200aae29e6f6ef46b6fb87fda1964e00af2564f475dc6,current-js-behavior-prototype,git-mv,preserve byte-for-byte in isolated web root
src/engine/SaveSystem.js,legacy/web-prototype/src/engine/SaveSystem.js,538,bde10775e35ca533b4346128f363c22eef070907433ae1df6c0947d9cbed3529,7fc0d0a22e7ea9e27624ecef59025673d93ab1d11143004da180977a68541324,current-js-behavior-prototype,git-mv,preserve byte-for-byte in isolated web root
src/engine/SceneManager.js,legacy/web-prototype/src/engine/SceneManager.js,267,7b309e98ef909258d87cb934d2fbdaa6f969c8bea7cfe11bf0175ea5c42759ae,1c812337ebc6519fb2f33d7cbdf9df7b8c4e005fabdec5155d41fb511578a65c,current-js-behavior-prototype,git-mv,preserve byte-for-byte in isolated web root
src/game/BotSystem.js,legacy/web-prototype/src/game/BotSystem.js,3333,3cc69d573b5c96c034acb15fd128a4e62b6c65ee6179b43d5f4f8ba05c4c1d19,9b2bdbee9e791669ac52bb0ed9c570189d28ca0d507db88536677f34265e63f5,current-js-behavior-prototype,git-mv,preserve byte-for-byte in isolated web root
src/game/BranchSystem.js,legacy/web-prototype/src/game/BranchSystem.js,2840,fb82535b54ce4495226d2b8e9db76978db0bddba2229de0f90d5d55661a2caa6,50a92a59968edc85b4c70ffcfd9603206c685a5185e500a2d841cb12492221fd,current-js-behavior-prototype,git-mv,preserve byte-for-byte in isolated web root
src/game/CardSystem.js,legacy/web-prototype/src/game/CardSystem.js,5876,12ca0df530ff4f4f6e187ee668c75855481e37c216e52eab9c7a859984aebbd9,5ebac3d56593b47f2fb8e86883bb314692d1919267c72280597cb687a9ec3e77,current-js-behavior-prototype,git-mv,preserve byte-for-byte in isolated web root
src/game/CombatSystem.js,legacy/web-prototype/src/game/CombatSystem.js,20533,be054e693091ba31450654858e3e2f49272f2798a7d93fb7f8cd01906cbdfc61,6f6eb5fe22d8d75d6247af135e21e16d954e1dd118808a8974961104dceb1a63,current-js-behavior-prototype,git-mv,preserve byte-for-byte in isolated web root
src/game/EconomySystem.js,legacy/web-prototype/src/game/EconomySystem.js,1181,4068da98c63c2c35b25f718cbb89e9d5c7c1c9996b3874d222427491dc203e5f,7842aa8de943d05a979c49ff541713c7baf79544441c24c12b82bb94a90e575e,current-js-behavior-prototype,git-mv,preserve byte-for-byte in isolated web root
src/game/GameData.js,legacy/web-prototype/src/game/GameData.js,3505,7b887155475e2823018d087466664916ca26656bb6059b24e141325dd1e83974,4a6844fba584bca91437f2fed9ca2a20fcbc14ab4ae3b3de39521bf4a55ae4fb,current-js-behavior-prototype,git-mv,preserve byte-for-byte in isolated web root
src/game/GameState.js,legacy/web-prototype/src/game/GameState.js,3883,3f03783053c9fb74759f12de07a5481ec8d0c70cf85f83904f320acb00247712,f40f9682f8c0023dcd84deae7ca9961fffcafcdfb92aa05d2860eb3b92914ea0,current-js-behavior-prototype,git-mv,preserve byte-for-byte in isolated web root
src/game/LeagueSystem.js,legacy/web-prototype/src/game/LeagueSystem.js,7768,770f15bf2509c9dbefbba27d3b7bc66034f968a3f4a6f9636a77b3b9e5f39b1e,983cd91f6be33d674d0e2b943527da281be92620ffbd40cc57564a96e02ca4f5,current-js-behavior-prototype,git-mv,preserve byte-for-byte in isolated web root
src/game/RunSystem.js,legacy/web-prototype/src/game/RunSystem.js,287,4b304ac30004c60d63602127ba0018b1c7212160827119765a089e6171201867,94ac21d7882a4150486e13ca3960f5ba8a393724ffc3f3b224aac0748ac64a53,current-js-behavior-prototype,git-mv,preserve byte-for-byte in isolated web root
src/main.js,legacy/web-prototype/src/main.js,1266,8741d16c2d81c48938d1888026036febf6314b0967f04b67bc1de5ff87bad044,746483d8bbeb0f9652fb48066c090f8d9c3bbe1e09ff75a592cb29507e4141fd,current-js-behavior-prototype,git-mv,preserve byte-for-byte in isolated web root
src/scenes/BootScene.js,legacy/web-prototype/src/scenes/BootScene.js,3745,d4c528a9e4f6af88917c91fc409ccb2fb57695a076127baf1a918c91bebbdceb,6179f9dbaba6301f7b2d11109c4c976ef94483a0c384e1e37530d2de582efdde,current-js-behavior-prototype,git-mv,preserve byte-for-byte in isolated web root
src/scenes/BranchDraftScene.js,legacy/web-prototype/src/scenes/BranchDraftScene.js,2365,18b282ee68d6efb1b4c3b3313acf6dd92aac1a92d4962b531b5200462d255a26,2e11fb82a2698d80b21cdf9d294aa00a16b216bf5d5a95ecbdc8f4c0ae44377e,current-js-behavior-prototype,git-mv,preserve byte-for-byte in isolated web root
src/scenes/CombatScene.js,legacy/web-prototype/src/scenes/CombatScene.js,20888,2a1298c98bc818a8f5502f8ed49d49cd159252d97f0e842aadb8b103d9cdc40c,3a57ec3a41d4ed397ede931202e6ff776cf925fa8de09c895fcfa301a628cb0c,current-js-behavior-prototype,git-mv,preserve byte-for-byte in isolated web root
src/scenes/HeroSelectScene.js,legacy/web-prototype/src/scenes/HeroSelectScene.js,18486,dbc04740095a7a666851f3ae36f8de3711bcc2f9423e3e38920bd304cf89a0b5,756871234a6fae257558a2a23b91838d3e841d02d77a37a8e25b70c254ddda5f,current-js-behavior-prototype,git-mv,preserve byte-for-byte in isolated web root
src/scenes/HomeScene.js,legacy/web-prototype/src/scenes/HomeScene.js,14054,9589af5173637a8bdc3ee738780ae7ed9df197928906da418b72f6f6b0a1c1ed,06bb4afa3d532e9b68737ba3b67f6a1fee398524a738d3b67a4a24e647da5cd5,current-js-behavior-prototype,git-mv,preserve byte-for-byte in isolated web root
src/scenes/MarketScene.js,legacy/web-prototype/src/scenes/MarketScene.js,57274,fef29a23098a8b426ec29c40c2dfd60af8b53b0f852eb8d33dddd141c727c657,bcd0fa919023a9d30f8beb4700ec70f9c6a1bb20d60ececdc4cfaa8b9a8ca44e,current-js-behavior-prototype,git-mv,preserve byte-for-byte in isolated web root
src/scenes/StandingsScene.js,legacy/web-prototype/src/scenes/StandingsScene.js,2383,b95c12a03ea39478c1ab9ef003a1c577d8435401d910c0529720ad4f7e659d76,9fa6b457267116b1878cbbe579412a8bdc62e2767cc4a63cc7a4a7772dea0cd5,current-js-behavior-prototype,git-mv,preserve byte-for-byte in isolated web root
src/scenes/SummaryScene.js,legacy/web-prototype/src/scenes/SummaryScene.js,2544,a6abc37d60f41c915035fdd608b99f65c9b536339de05aa79972bb246f2b964f,b833d3576a0648e1522b1344948dc7bd00e462e6a96c46a0c9a7e14ac7a2487c,current-js-behavior-prototype,git-mv,preserve byte-for-byte in isolated web root
src/ui/ArtScene.js,legacy/web-prototype/src/ui/ArtScene.js,1165,5c8041f5e77fb5fcfb5a95f9bb2d0962ed77022abdf80f7b5d1c4ce25c4ba175,22cd00666283995873422d116bc366892d746d3bd161890360944f9c0352577b,current-js-behavior-prototype,git-mv,preserve byte-for-byte in isolated web root
src/ui/Button.js,legacy/web-prototype/src/ui/Button.js,1322,dbd6de7710fed866d0ed8cb0af47ed8b70f322ed97ff939983b54841d3c98eba,e0b2a95def263c2dc85e21e30fde1daf3a2dc8c6a246aab2318d1d7be34c73f3,current-js-behavior-prototype,git-mv,preserve byte-for-byte in isolated web root
src/ui/CardView.js,legacy/web-prototype/src/ui/CardView.js,1554,7d26447b04c54fb4aa685a8c1795fe6b9588a1b2c17dbd9a166f5729dc3e284d,ada395655b412a2762aa3b6873f30abb394d2dc9d10861cbf11a98514fd46d6e,current-js-behavior-prototype,git-mv,preserve byte-for-byte in isolated web root
src/ui/HeroView.js,legacy/web-prototype/src/ui/HeroView.js,683,f14e8710d490970d6980a8473a2ff914b9012647ba1928a83b7bd601ff2e4b06,9c3d64bc5e220b6ce2190e16318d1459c4c51d5a47814f6fb22c66900eeb8002,current-js-behavior-prototype,git-mv,preserve byte-for-byte in isolated web root
src/ui/ProgressBar.js,legacy/web-prototype/src/ui/ProgressBar.js,499,b7bd2b0dc7370388f2c6716ce833374aab0ea3e357bb8f5152d57058688abce5,f3c626273cfe4c6dbb26f360d8b3203da9976292a6bf945b6a043f4ed28b56ce,current-js-behavior-prototype,git-mv,preserve byte-for-byte in isolated web root
src/ui/fighter/BranchProgressPanel.js,legacy/web-prototype/src/ui/fighter/BranchProgressPanel.js,977,120fb79f0da02a0e64c707935b836f4408e78b97de7f3569304f167cadd2b702,cf3076ef6f793715fc9b762b62d1a8e759ded04ee95571bf4c454aa9689f0c56,current-js-behavior-prototype,git-mv,preserve byte-for-byte in isolated web root
src/ui/fighter/CombatBanner.js,legacy/web-prototype/src/ui/fighter/CombatBanner.js,911,4c3dc950f59e654c11d134af12c64b27dc081f2aa8e2336ae2e92962d1a3511f,1698eccf36aef6940e84c00719867602bf561d583ca405c38a440c664c78921f,current-js-behavior-prototype,git-mv,preserve byte-for-byte in isolated web root
src/ui/fighter/EvolutionPanel.js,legacy/web-prototype/src/ui/fighter/EvolutionPanel.js,1105,5809dc16be74fd5f361f091d37790145cd0b826ea5cb482d06fbf12dfabef13a,b58b862b898b01626ac21405aa27dde221f3b0ef5a5251683bdc64375b3221e5,current-js-behavior-prototype,git-mv,preserve byte-for-byte in isolated web root
src/ui/fighter/FighterButton.js,legacy/web-prototype/src/ui/fighter/FighterButton.js,1142,b4cd4df878cf701561128b3d881c66f5a369fa9bca4172472a005e521f680609,634e78c9458c2ccdd7d03672faad5736960db037a5f3a0f9166c59984c465d0f,current-js-behavior-prototype,git-mv,preserve byte-for-byte in isolated web root
src/ui/fighter/FighterHealthBar.js,legacy/web-prototype/src/ui/fighter/FighterHealthBar.js,2177,71b6f78d6ebdc92a40d76aad87d3c37079689a1012656399acef86ce19b358fd,dc938e9ece66b0099b381a67a1bfc26161ae18dc6fa61370b2032dfd65749702,current-js-behavior-prototype,git-mv,preserve byte-for-byte in isolated web root
src/ui/fighter/FighterTheme.js,legacy/web-prototype/src/ui/fighter/FighterTheme.js,2180,74567a706472574c3a9176e621761559f0160fdb9e9e12523144d12a1a4345e9,7c9cfb0cc24d05139538cf7c7560c2a05be6eeae5e048b0e73e750579e906131,current-js-behavior-prototype,git-mv,preserve byte-for-byte in isolated web root
src/ui/fighter/LeaguePanel.js,legacy/web-prototype/src/ui/fighter/LeaguePanel.js,1272,45a737267ead326581fbeda1ab61515e330ea1dabf98afc9c8ab0dd702d2733d,1ff91209df9a8f189daad18e09d7bda5937f685450a583a95a6089ac796dde6d,current-js-behavior-prototype,git-mv,preserve byte-for-byte in isolated web root
src/ui/fighter/MarketCardFrame.js,legacy/web-prototype/src/ui/fighter/MarketCardFrame.js,2242,c0b9bf5036998d791bd551c62194e90e645de57a74ed7219aa5e0eec34194f84,43a863127d537032dcc283a3e14567e314cada9dbafc38be68541a9645743da9,current-js-behavior-prototype,git-mv,preserve byte-for-byte in isolated web root
src/ui/fighter/OverlayUI.js,legacy/web-prototype/src/ui/fighter/OverlayUI.js,5378,7c7facc0b3757eeefea09b73ea7670dc45c85c66f191b19e5f030d80663ec5a1,81ee7e88030dc1ac3501b189675dee6c100b58fc2c56b6955569bd80af8a3309,current-js-behavior-prototype,git-mv,preserve byte-for-byte in isolated web root
src/ui/fighter/RoundTimer.js,legacy/web-prototype/src/ui/fighter/RoundTimer.js,686,d57d38052d2a973be8837af7dcc1ea3dddeae13d80e1a6023b0c6fb86630dd31,8412957ad6e580e70ea1515f8fd3345789641f942e67bd4b602eee27e8554174,current-js-behavior-prototype,git-mv,preserve byte-for-byte in isolated web root
src/ui/fighter/StatusIconBar.js,legacy/web-prototype/src/ui/fighter/StatusIconBar.js,1514,431e2a9c0b678557c6c1b9c369f135f002666fdbc6983b506389b7807fe0313c,ff47aebd25a5f5f2fe040fad4f252a987cb03d84fe52dc5588ba83f445f5c57e,current-js-behavior-prototype,git-mv,preserve byte-for-byte in isolated web root
tools/README.md,tools/README.md,196,f9de05435881219eb19dcff7f2ada23adc5a378631be4f05dcb2dc04b3921fac,f9de05435881219eb19dcff7f2ada23adc5a378631be4f05dcb2dc04b3921fac,reference,keep,project governance or historical documentation; target identifies retention
tools/asset_pipeline.py,legacy/web-prototype/tools/asset_pipeline.py,5965,f1d592e873619074ec5a52ccdf98047af038ad65411dde3c1ad2b53ace950607,7d5455b9b4bded5d3422fdc5e3ebddfc3ea3a294ef5c703839d15a6df138a503,current-js-behavior-prototype,git-mv,preserve byte-for-byte in isolated web root
tools/combat_readability_check.py,legacy/web-prototype/tools/combat_readability_check.py,734,95a43ac2a776eea8c4879a6f520ea75b46d2b234b1c55d7cd3ad899cc862a731,33577dc96eaa30cf4af44b92cf1534e66d4927e23135b5784113b1955c23482e,current-js-behavior-prototype,git-mv,preserve byte-for-byte in isolated web root
tools/generate_placeholder_sprites.py,legacy/web-prototype/tools/generate_placeholder_sprites.py,8674,eb955d151569da5bd4704d5530f725a8107e5b69bc88f91d37e9dbea4ff5c1f1,36cb2ec8a995a5b505169d112920fcbb74ddbb8fe058aa202f378b9dce563123,current-js-behavior-prototype,git-mv,preserve byte-for-byte in isolated web root
tools/import_legacy_deck.py,legacy/web-prototype/tools/import_legacy_deck.py,5370,cec2145cb65802a89f2b2a8f651653c3ed68262d2558ebb17fc9f28188b4a412,ca5915480b232da2826863912f0175530a2b1606439d17e937da387f2d0b3f65,current-js-behavior-prototype,git-mv,preserve byte-for-byte in isolated web root
tools/import_spritesheet.py,legacy/web-prototype/tools/import_spritesheet.py,4994,042aa250bdf409874a63eaa02d225febc39d0f696a04464a1c1e616606575d37,64b026f7c4e937dc524db7608bc5054134b142046bb98e22b38b56c2570868f3,current-js-behavior-prototype,git-mv,preserve byte-for-byte in isolated web root
tools/serve.py,legacy/web-prototype/tools/serve.py,281,35c6d66d70b1151f358daecca8240a63f5a3caad04dd2ea932b7f4232877b8ed,3b6696160e17409f681f968b4183c890e83cfe523eb5070c66003b59b3e01600,current-js-behavior-prototype,git-mv,preserve byte-for-byte in isolated web root
tools/validate_arena_assets.py,legacy/web-prototype/tools/validate_arena_assets.py,971,45d504d53d4f66ffeb69db0ab66e9bfe3eb09d73c53645d85a3255a520f73957,accb6e663413c6fe5a026b23305262588ae328897773ba77d5a90f3c73dcdc74,current-js-behavior-prototype,git-mv,preserve byte-for-byte in isolated web root
